gift_card_id,gift_card_code,detail,status
3e44fc93-4546-4f52-8326-6a5ddb1cdf3d,2RQ9N50EY98,0.50,USED
86bab757-3869-4f0c-aa82-ed61407d7e02,9PR1FE2HF06,0.30,UNUSED
333a7c98-e189-43ea-902b-ac43d37eaccd,4V82CD5WN38,0.30,USED
e980acca-2bab-486e-b8ba-21922f6970c0,3XE2Q90NG21,0.40,UNUSED
e9589254-8102-423b-8fb9-c1f6198bab6e,3A88RJ1GK18,0.40,USED
cbee4074-fdd5-4915-ad32-f9977bad75f1,4WR8FW4MQ60,0.50,USED
be143662-5520-473f-a10e-5a366e73bb60,6GQ8D04YA79,0.10,USED
3d705550-e4cc-4043-9001-6f2302ab5ac6,9Q23GP6HN54,0.50,USED
b0d8a637-2d06-4c49-adb2-f864ddcea280,6Y84H21GQ92,0.30,USED
9901d60a-b0ca-4f3c-bf7e-169fdf7031f3,4P50PV2UW98,0.40,UNUSED
2a472ed4-c4a3-4d37-a2e4-07f0093cd007,5C80P51KT83,0.40,UNUSED
45cc0a88-e9b3-4492-94a0-cb65f7b62a17,9RC7CR4CP41,0.40,UNUSED
00c39051-105b-43f3-93ab-802eba8934ac,4VP5UC9CR37,0.20,USED
325bec50-5cb7-4bd9-914b-92bbe351b3d9,7RW2JU5ER89,0.40,USED
75e277c9-31ab-4ca0-ae16-0ada68c78069,2P03JJ7PG94,0.50,USED
4c301b10-4c07-4dd6-a811-afda19188d52,4JX4A65DA85,0.30,UNUSED
fbc46b7d-f919-4c6a-9019-b304ff142f45,3JP5D01TW44,0.40,UNUSED
ef6525d1-6292-4d1f-83b2-50971cbaeab4,7K03VQ4GP89,0.20,UNUSED
364c5a6f-3a17-46f3-a41a-a50682507451,9MK4WX6EP38,0.20,UNUSED
a0d75571-d162-4a4b-abfa-019e61ec4b71,3G55ER1AN09,0.10,UNUSED
fb7b0110-0c35-4e12-b755-d32080042c18,7NE0KX6EA77,0.40,USED
bbf780f0-e8f7-48eb-abda-f679cb0b21c5,8NJ6FJ4XV03,0.10,USED
5a500770-c016-4152-bb88-c7e8af5aec16,6PN8YV4UE84,0.50,UNUSED
672ef4dc-9f13-42b9-ade7-f7e676968220,5W12EV1FK10,0.40,USED
80ef29dd-e5ae-4f27-bd3f-3703957831ab,8QN6W53FD68,0.10,USED
b912038f-3092-4d06-b08b-ff9fb44b456b,9PC2PC4EU66,0.50,USED
8f6493cf-97bf-42ba-966c-e7298bd2d945,8DV7K95QC08,0.30,USED
98151bc6-9113-41c7-88f3-6d322ee3907c,9R14AA1PA25,0.10,UNUSED
c4573317-10b7-428a-a36a-f3cff654f4ba,9MR5VU1FY99,0.40,UNUSED
797d1472-5870-4e37-88e8-d0f7bab78e52,4UE2KK4ND69,0.40,UNUSED
1bb87e0f-fa4d-4e45-b078-c60e3065db61,5YA7JH1YA81,0.30,USED
45496034-1053-4b82-bd6d-c6df41b3dfbe,3W31XY1HW06,0.50,UNUSED
d064acbf-d124-4a3e-8571-a89bef8c94c9,1K80FN2UC73,0.30,USED
f74a4d32-b3e0-45d1-8b9f-ceb095a7b9c9,5F19NY6MV65,0.40,UNUSED
4d6630fd-487e-451a-8a69-ff521a9d1e54,7HR8E23TX24,0.30,UNUSED
5921e199-326b-46ee-b7da-3d374525bdb5,5P21AM2VD61,0.40,USED
d02b1160-ec21-4da3-8b73-e7f6aabbdf2a,7WV9KM0VU83,0.30,UNUSED
998c222a-8275-444d-9a17-510a867166fc,9GC5CV8FK77,0.30,USED
13cfcf48-d9cf-4260-8d17-397dd1a5bcae,3H08RN4HW36,0.20,UNUSED
cff5e99e-b7e6-4b03-b00f-f5c42b7e3155,4Y42DU4HD58,0.30,USED
dd2feb42-9258-4d05-9dc5-70023b6917b0,3H62GY8JK66,0.40,USED
4e4454e4-0eae-4754-80b7-32e7c87b6a4e,6KD8VG8TA98,0.40,UNUSED
a839b350-8eb4-474a-8291-028566e92a8a,1VX6G63KF38,0.30,USED
0e7fa264-ec86-4653-bf9f-5634ba3d2dd8,5T11CY0AD43,0.10,USED
84bbc702-9a61-43b8-bfdd-2002acdbf2be,4TC5KU2YT04,0.50,USED
2c4a5910-d8f1-4fcc-aca3-5361c5408499,4RX1KF2AE07,0.30,UNUSED
47057693-b663-4879-a4e2-ce2f3f1fd2da,5V59VR6UT14,0.40,UNUSED
2477d3b8-5d12-45cc-a139-444b353587eb,5TE5QQ4MH17,0.20,USED
719c92bb-bfa8-47f0-a17e-7722b018c6b7,4C60M19QW76,0.50,USED
94a82b12-c710-4a39-b894-69de5e9387ef,5XQ0RN3HQ65,0.30,USED
7b409e25-7b00-4899-8cd5-051687cbe325,5NN7TN3CU44,0.40,USED
e3727a0e-74a5-4416-8c8e-f8987ea21621,9PD0GF2RH03,0.20,USED
c6ec3dd5-4b5e-4d42-81cc-32a8cdf84d81,2JN0T26WU07,0.10,USED
ec427a68-a90b-421b-951b-baeabc243060,6HR8V35MN18,0.30,UNUSED
4e14a375-7d6f-4a7c-9d60-426d3740ba8b,2GG7RQ1FK85,0.10,UNUSED
c2211a16-3b2b-4cda-a49d-99329f3fa3df,3E36EG5RN67,0.50,USED
89fa50e5-1105-47a7-b75e-c0dd6023e256,6RE8J51YN16,0.30,UNUSED
68b16cf8-4c03-4e43-8776-2e3c1ca66dfc,7JJ4EF6UC08,0.20,USED
1b097dd4-de79-42ba-8aca-b730418d7af9,9UW9TX5GN09,0.20,USED
bcf05f19-86f2-4a6a-9eb3-4e4a8b716437,4PC0EH1DA00,0.30,UNUSED
631f3e09-22a1-4832-b74d-edfea7634a19,5UR7QD8TM37,0.20,UNUSED
7005ad95-86d4-4d96-8d50-6fa5028afe33,3YW4RG5NC16,0.40,USED
3cef8008-45de-4529-9dd1-00a16f5d160a,9D88ET6CQ18,0.20,UNUSED
29b0f06c-c118-4445-b5bb-88042498eddf,1TG0DY6NY65,0.10,USED
e503078e-0853-477c-8bdc-659b617d8305,1HU1JU2TC66,0.10,USED
9c1598fc-e49e-4abb-a149-218d4ad7faff,2CJ1YX5ED61,0.20,USED
05d548ec-24ea-4da8-a30d-036194c515a4,6EY1RD1GD04,0.50,UNUSED
0a952409-2d91-4c2e-8bfe-09acbaaaf8c3,5QP1NY1WV27,0.10,USED
1ac0a494-d82c-4d65-8ed5-dee8fd3e15f4,1QE7TU0WH04,0.10,UNUSED
92e64aa7-b732-4f05-8c8f-57f843aef9be,5E41GM5RM70,0.30,UNUSED
0c706fa2-736b-4e76-9cc8-b8cd69a69dc3,1N32Q23AU76,0.10,UNUSED
be457406-f8a7-48e4-ae9f-3e583d8f3fa3,7NP1H56TT07,0.10,UNUSED
789114c3-3135-4a22-a096-6b8ff475ae70,7Q97CW8UQ84,0.40,USED
534bf03c-7c84-490a-816a-90647217284c,8A03JH7MT52,0.40,USED
e3403695-95c6-4df7-9535-73e71519e0db,2U68K13EP65,0.40,USED
d55ca9c7-f943-4149-8c91-e9591727dbf5,8NV3UV9QD09,0.30,USED
945a829f-2627-4b5d-a9c3-13781eae6542,8CP6GK3VA46,0.40,USED
f1622121-f30a-4e18-adb8-c26c7fb4d192,2QJ4EH9CX31,0.10,USED
fdef3cd6-140e-4c68-a397-9dd1711d11cb,8G39PN3QW82,0.10,USED
9c49ed6a-9edb-417b-bbea-c6b9ba990279,7T88NX2KJ31,0.10,USED
bd40c9f3-cfaf-4c15-a128-689cb542eb43,7NN7GK6HD39,0.40,USED
046a048a-d4d3-4a98-abfb-fc85a0598bba,6H09RY2YA70,0.20,UNUSED
cba88d5f-f85d-47a1-b127-0ff431fa7762,9YE7JW1HP89,0.50,USED
37db71f2-5ba4-40b6-ab11-a3f8c9a692a3,9A67DM4CC46,0.20,USED
81cea70f-9e90-4841-b312-c02332fadd48,4J49W96FF49,0.40,UNUSED
927c513f-d2bb-4521-84b3-9cd1fc495ae5,8WY2WQ8AR79,0.20,UNUSED
409318e7-a291-453d-b7b9-dbc1d76a1687,4WT1G30KU92,0.20,UNUSED
7bf1bdcd-ee66-4397-ba93-5e3a422fda8b,2XM1GH4JV97,0.30,UNUSED
de1f7231-face-4b13-806c-a9105dfe46a3,3JH5FR3NW88,0.10,UNUSED
08f5fa86-48f5-42ec-9884-1993ca0e7b14,4QC9TP2EM09,0.30,UNUSED
20979a6c-11e2-4f5f-9733-14fc99a74d62,8C89YX7AN18,0.20,UNUSED
393bc85e-db3a-4c47-9ee4-8cfe7b4bb2a5,9YD6RK9FV12,0.30,UNUSED
16330b40-492c-4183-8a83-7716edae79af,2UY3T34FH05,0.30,USED
8350d244-d33f-4846-86c9-86f0d34d7d7e,5WG0DV8ND90,0.30,USED
4576e468-2351-4e34-8786-0fea44d4711c,6T26P68UJ77,0.10,USED
17d05416-c63c-4f18-9c9f-7a02300fd053,1XG7FX8NQ57,0.20,USED
a2c4f5b6-151b-439e-a569-00658f82ef8e,5W06YK3NH77,0.40,UNUSED
943c4de6-cdb4-4ad1-a5ae-851f1c28cc9a,3DP3EA4UR94,0.40,USED
77ca3879-ea86-445c-9c56-cedcb6bd3c3b,7X03N81FA84,0.30,USED
fa1da8af-c5f2-4ceb-a3e3-5fa640b83e8f,6C72GT4JC92,0.10,UNUSED
dd01f6e4-aec8-40b4-942d-87696db1a775,2EK5T95AX62,0.40,USED
a74383c7-aedb-4da2-966c-d87401d4c631,7XN5AP5NN31,0.40,UNUSED
2a097b85-fd38-484e-8f20-86feeb88ffb4,7P51JP1AK52,0.20,UNUSED
a21950f1-f8a4-4b90-b74e-d4b1d73b592d,4RG1CN6UJ70,0.40,UNUSED
20dab8e5-a950-44ef-bf13-1f9a4626f19b,2N03QU5EQ58,0.20,UNUSED
618ed93f-31e1-42b7-a9d6-ab083a799899,3HP3U74GR80,0.10,USED
1cdc8b7b-8db9-43b1-aa13-138440990a8f,3WE7AG6AA83,0.20,USED
4dca6c30-a51f-4927-9e49-07896d23d8d5,5DQ4N76TD75,0.40,UNUSED
1c3f3f29-f159-4d1c-a32a-832cb85af835,3VU7XV0NY56,0.40,UNUSED
35b4f6f1-ed52-4b09-8ae1-7ed6f1cd5b3d,4QK2MK5CE67,0.20,USED
31e9666d-ce16-4407-b868-35dbb57ac984,4PF5C06XU61,0.30,USED
31e177a4-2606-4a46-9e99-21f81d7ec0f0,9N65FQ5RJ96,0.30,USED
10035605-2192-4baa-a5c2-d63913f18979,7T93Q55DQ57,0.50,UNUSED
b5b71fae-dcb6-406a-bb9f-e070bfe9accb,7RF8HH5UD06,0.50,UNUSED
c324a610-adcf-49c5-b75a-43ea8599c685,7ME3AY1HN76,0.10,USED
147a36e2-d0aa-4df7-acef-a80d4a518d9c,6WY3EG7HC86,0.10,UNUSED
7abf4b9f-e24d-4127-b43c-b8471505eb22,1J23C91XA79,0.10,USED
71c232ec-983f-4ae8-98c3-5665d1cf51de,3XF5E98VQ15,0.40,USED
0568b782-f1fc-41c1-a2b3-3f719c86efa7,5EE4UX3YV65,0.30,USED
c2612906-e30b-46f1-928e-4dcc5b6a5fc7,9TY2EM7KG36,0.50,UNUSED
4aa24df9-0e48-4e0a-8567-452c97502349,9PE5DF6YA71,0.50,UNUSED
50891525-80c3-4d14-8be4-b35dd83a273b,3GE8PX9MR06,0.30,USED
7fefd35b-c5ce-44b1-8544-44d0db4268c5,6C32NC5XP47,0.30,USED
6671076d-e67f-4bd4-bbf4-9844a059c22b,8UC3JJ1PC46,0.40,UNUSED
794456d6-8c45-41e1-b7a5-be8b62a09f12,5R26VJ1FR69,0.50,UNUSED
19565b77-11b2-4c18-8daa-7e8ba8780b8e,7M77EM3NQ97,0.30,UNUSED
1fd3b941-ad75-4ddd-9e3e-06b0ff412825,2AT2NW8XA17,0.30,USED
694e35fa-9b61-4f2b-85bf-881c2d7473ca,6V92TE5AY83,0.30,UNUSED
4fe61623-fb7b-455d-a8ce-b87cacb0a9b2,9PD3M88NV72,0.30,UNUSED
a6e74e2a-3c1a-4403-bdb2-6adba07cadbc,4YM4XX8HP13,0.30,USED
cebe5b3b-6beb-4385-b778-cba3689bc26e,7Q80FG7PY73,0.10,UNUSED
c7afec48-8da4-4621-801d-d643d1fe42b7,3ET0GD3GJ98,0.50,UNUSED
a5afd480-db5f-4c4e-bed6-115feac4ab7a,2Q76CK3AV79,0.20,USED
8afae114-748d-4fa5-b691-50664f55440b,5N89GW7ED59,0.30,UNUSED
5ad9caf7-7220-4f2e-9b9e-9c7af792260a,9TV8HT7AR43,0.40,USED
89a3acc2-e6ff-4fa4-bd7d-09c61293de82,8U04HC7NN13,0.20,USED
9872db91-d277-4746-8cc1-c405f7a8373a,4H11TJ0TH65,0.30,USED
96509f8f-e50e-4f84-b70a-27d5d9d5430b,8K38N48QT93,0.40,UNUSED
a8294cbc-4424-4b60-b8fc-584d27c0e15a,3C11UM4KX45,0.10,UNUSED
6b588b89-1573-4165-b64e-e02d65da819c,7HJ2XK1PH00,0.10,USED
3f52e3f6-e249-4092-aa79-061caa8e5dd9,8NP4X57UV21,0.20,USED
696380af-c284-4977-ab25-c8b2b144fb22,3D22QX5PF43,0.10,UNUSED
6b88e6f3-8a06-42e5-aa93-68abd34662d9,2WU9ER0PP72,0.10,UNUSED
acb796dd-9eef-4c64-8746-b225fdbe878b,4JT8TG4ET08,0.20,UNUSED
8c578b20-5325-45fb-a604-ac2576d1358a,6RW2F29MN92,0.50,USED
6aedb2a6-ceb7-4865-83db-d9742aa81bda,5DA2K74JV41,0.40,UNUSED
99139b2b-18be-4aec-b093-52f742f72257,4YE1EE7UD04,0.40,UNUSED
1f0a8609-9793-4d2e-b3cd-6d9c1639dad6,3UA3XD2YQ51,0.50,USED
72bc999d-9edc-4d23-921e-057baa5c4fb9,8C95DQ2GW99,0.30,USED
46ab7668-a6e7-4f3f-8f70-830c027a8c2e,6MK7JF7EW07,0.10,USED
17729e10-d4d7-4459-9855-e4e2646bf6ab,8WN5EA6EF32,0.40,USED
b233a380-5411-4692-82cf-159a43d6527e,1HG3VE7YQ04,0.30,USED
4607a953-6d29-4957-89ca-77ed067b2f7a,6AN0MK6ER11,0.10,UNUSED
4ff313d4-17e5-41c4-9971-6ed985a61da3,4E95V94XJ58,0.20,USED
9cefefc7-5973-4c58-b411-4232f6a8e382,2E31JG0RY81,0.20,USED
0473e908-36ef-4606-b421-e60e48a31d39,4U85TV9DK70,0.50,UNUSED
e336812f-16a5-4e06-b735-79ccd8cee47a,8DP0AV5WH61,0.30,USED
5579b7c0-68ac-4fe8-9dfe-f449cf8b7944,8EC8JF7UN68,0.10,UNUSED
6a91f88d-4b48-4e59-aae9-06e3203ae063,2HR8AV8XK60,0.10,USED
f98e6295-17e7-4692-be9d-b3b1c7f57128,2KT6RJ9DN70,0.30,UNUSED
349b7495-aac6-4b39-ba2d-05f3fe7d5031,3UA2D44WT79,0.20,UNUSED
3f4e9839-bcbe-4984-bf1a-ce8236e592b6,7HE7JU5DJ86,0.40,USED
93bb248b-7a47-4034-9ec0-17374582ecc7,6E65TH5NW39,0.20,UNUSED
95b0428b-2a52-495d-bf3f-2e049efdb3ee,2FA8XV1WH01,0.10,USED
605d9e0f-a32a-4ef1-962b-3c8fca8d383b,2H64HM2FW66,0.50,UNUSED
48f46cda-a520-4f0c-865a-777818b801cc,6N77MQ7JP12,0.50,UNUSED
1b6e30fd-cb97-4b9a-b867-5072e16c03ff,2NJ4A97FF68,0.20,UNUSED
9fe0bd0c-d3b1-4641-ac47-a3a2281285b4,6C68UT6RJ83,0.20,USED
d8a46557-089d-444e-bc84-4e2751883791,6UA4ET5UU35,0.30,UNUSED
9da3a20b-2d7e-4e5a-aa05-1500d59a9b64,8JX5XX3CA38,0.40,UNUSED
79cd4ed3-3008-4e0b-8972-5c9168a01776,4AA3D76TJ47,0.20,USED
14289a54-0ae7-43e2-86fa-abed5eb6da4f,6UE0E66JQ27,0.10,UNUSED
a67a3321-422d-4d2b-97db-5902ab63496d,5CH6F33RX75,0.20,UNUSED
34be001b-1ad3-42a4-80aa-5f140f681703,3Q93GU0JE95,0.50,USED
e350fc04-b76d-432f-86b0-bc3c6d04db3b,4J68F76WX57,0.40,UNUSED
7dbd9e79-0f1d-476d-a1a2-33e02227afe7,8RW7QQ1PG57,0.20,USED
cf0bc924-707f-4f0c-95f4-c322810759ad,7DF3NW2NX57,0.50,USED
c1985a5d-c3db-4432-acfe-ab8537800ca6,1TH9M59EK52,0.40,USED
2b59568f-0db1-476d-9e34-2b7623358e8d,2XV9DD2WT56,0.30,UNUSED
42b4e447-cf9b-49f0-b15f-f90b6d052550,4RU6AU4VR85,0.40,USED
cbe61354-756c-4019-89b9-c19f6a7453b7,5X23NF6MT98,0.30,UNUSED
d68f246e-d4a6-4638-b344-edafb081028c,5TP6Q60KE17,0.40,USED
9e297c47-8c50-4279-90a1-b5c6b6ce881d,2P77XD0AM20,0.40,USED
372480d0-9469-460b-be0d-52cc5bf75c5a,5C79PQ7FJ89,0.30,USED
2fe3f04b-6239-4d39-99b5-a8331c9f5c5a,6M23TC3PP91,0.20,USED
8b6e0624-be6a-496e-8371-3c0b26473399,3R81QW0QG96,0.30,UNUSED
823b2ebc-03d8-4ee0-b8dc-8a9721a06f42,8DK2JY4EC70,0.10,USED
410f16b7-65b0-4f07-bcbb-44f693887499,3UM8R14NQ13,0.50,USED
650e1afd-9946-4749-9bc7-1b56508d5573,3V89H56CE81,0.50,UNUSED
321ec063-1630-4c5e-afba-41519c2f26fd,7RA7ER4YE34,0.50,UNUSED
3e75ab2c-91d8-4d12-a3a4-23ccb555977f,7TE4R02UK73,0.40,UNUSED
b93180eb-1226-470f-9ea1-7629ba0a923a,7KC6JQ7UC05,0.30,UNUSED
dc8c4888-4551-4693-85bc-ab7e26097e62,6P53MU8AP95,0.30,UNUSED
51b4786b-a9e5-48eb-95e1-be818b052b28,4MQ9Q93HA01,0.30,USED
4cccd471-c43a-4b3f-a6f4-6514127fed5d,9AK6J24RM90,0.10,UNUSED
7167b402-7220-452c-94ab-e1710e071535,4HW2CP7AP23,0.20,USED
7b83f014-7ad1-4bb3-9c93-dbcbb10b192c,9AM3JU9KD90,0.50,UNUSED
f9cb3977-ad03-464d-8d14-21e0154ecbae,9N34JG0XE72,0.40,USED
7bfa6243-3ecf-4591-9f3f-e51ef5af40d3,1K87VY3HG76,0.40,USED
58ca5749-e2d5-4f3f-9f97-3121e4168d87,5EJ8UV8ME77,0.20,USED
b540db4b-df4c-467c-9432-c3b5e20921da,5QP8VF0NH53,0.10,USED
1ccc6325-32d2-4cb0-8b60-240b835f7809,4YH5WW5EF66,0.20,USED
2e81707c-5e47-48c3-b874-551528d87cf0,5VV0PP2YX05,0.10,UNUSED
cc4cdf7d-d619-4821-81b1-ae486a72b1aa,6UX3UW6ME89,0.30,USED
ceef579a-6136-4b87-a0f8-ca9b0a95fe08,4DH9QE2DQ48,0.50,UNUSED
81cee3be-dfb2-4634-8b1e-ae260b633241,6JA3JE0FU89,0.30,UNUSED
4edb9e82-dae6-4176-a8a9-9d5644611950,9H49JT9EG02,0.20,USED
15cd2057-4af9-41db-86b3-74e9aa87a9a7,2UG7G10HX50,0.40,UNUSED
8d303f6a-5a13-4d90-9f06-6e293f01ec2b,8TT8WX6AH03,0.10,USED
493b1f00-1875-4cac-a1a6-a8447d25172c,8MY7XW4QW31,0.50,UNUSED
a7e3f3c0-9df5-409f-b5a7-2b332e029823,2N97WU1VF88,0.40,USED
3a236e91-9be9-44e6-a107-c2247b565fe6,6P89N49QK55,0.50,UNUSED
a613c4fa-6e7d-4858-a9de-3c09fbc69326,4FQ0RU2NR63,0.50,UNUSED
ceb7cc90-3999-4ae6-81be-3d6c42b4875c,6UV2Q14JA22,0.10,UNUSED
999c5e5c-1cdc-4929-91a6-86eff01e32ca,4Y83U53JR97,0.10,USED
0d0cb0ce-2aa3-4bc4-bf9a-c2a9a3eb6db0,4P79HX7QY43,0.40,UNUSED
19e0244e-145e-436d-a9d5-c78f1add7f63,9M40Y24TW81,0.30,UNUSED
09a3b7f8-5b15-4dc4-834e-b983e1919a84,3HG2G31DW22,0.10,UNUSED
8221609b-9bcc-4482-b19b-1dc9ed3fe161,4CX6D59VW69,0.20,USED
a533e554-64b9-425c-9d43-16416e4f430e,1XH3HU2QX02,0.30,UNUSED
4b50314b-8646-4abe-9ffa-c1b8352f4534,1C17HE6NQ03,0.50,USED
c4c6a9e9-4913-4125-8596-924a006c9c6a,2CT0VP1HT63,0.20,USED
09761c20-d00d-450a-a40b-4ba8c28b6efe,4J69W22WG64,0.20,UNUSED
841e74f4-fb3f-4f78-b0b4-333f69f64459,7A73G83FD93,0.20,USED
92995e91-f82b-4cc5-9531-7c44cda6f436,2W60VG0FG09,0.30,UNUSED
65b33de8-9bce-4a64-8703-45fcc0234238,2JK3TD5MK15,0.30,USED
aa7687e4-cb58-491b-90de-2ea94a72a695,3XQ0MW2NQ26,0.30,USED
22c847b3-ab11-4afd-a1f9-39cb409b027f,3RG0FE4FC96,0.20,UNUSED
5fb71715-b53d-4450-88a7-504417822a87,7WP6PN7GY80,0.20,USED
c3258ee1-84fa-416a-af39-b3bc752714ce,1RN1N17KP42,0.40,UNUSED
e8837c29-5329-497a-b8c2-7fff1f1d635e,3AV3NF0PA42,0.40,USED
d97f9f4b-f05c-46c4-85b7-ba66bfce95fb,8VY7CY1FT17,0.10,UNUSED
8aeb4c7e-ecd4-490a-aab3-273e10675319,9HW7T24MD47,0.10,USED
f97b5e38-5683-4414-98f9-538c1e5aa38e,3P24WG5XG49,0.50,USED
a79dc3aa-3e12-4fd9-b7ce-2c34fd58db79,7MC4RJ9RR57,0.30,USED
89a4ce27-ddda-46d1-9d90-215fbb8c7e1e,6E23MK9FM51,0.20,UNUSED
62f0aa9f-e4d8-440a-8d0d-3890f7a0ac38,4UC3TP7XT28,0.20,USED
3282eb16-f34a-4b9f-9544-3706a3c5d329,6E01CH8HV09,0.20,UNUSED
510a48fb-c747-43a1-b524-6fb99e3de971,3VF4X53AA94,0.50,USED
fc057ca2-866c-4cbb-8d94-9e4ab2abce9e,3T62GK8FT17,0.20,UNUSED
8e5e1436-b6cd-4e1c-9c42-4ba560e7a37e,5CP0D38QP14,0.50,USED
a15ca543-0284-4c6f-b688-8897db16b226,6N59UJ8MT89,0.30,UNUSED
8c0f269e-caa3-4693-878f-6ce11473b399,9G24UN1YJ29,0.30,USED
89ddb61c-649e-4d19-b401-db02c5c4d027,3G27GJ3TX64,0.40,USED
e5c148de-15ca-464d-9087-69ba78433379,9YU9X96HX86,0.20,UNUSED
a8a1d2fd-0a3c-4d84-ac5a-f2d57c731eeb,6A78P95XQ71,0.30,USED
11150223-0845-4270-9a54-4654f84b820e,3Y33CX7UK44,0.40,UNUSED
feb65d4a-6bd7-4f5c-aa87-7a9e49434653,6NM2Y07ET64,0.20,UNUSED
8f568ed7-b123-4884-af10-583974e943b4,8W32DM9PD42,0.40,USED
1877fdf6-13ec-469d-9014-30cfe81a6499,3RC5JE6WV74,0.10,UNUSED
68aaadf7-a424-4ceb-9ba0-e0d05ea714c8,1F87CH2QQ05,0.20,UNUSED
8eb24d2f-37ad-488a-a135-a1a93c37d3b1,2J45KV7DE14,0.10,UNUSED
86e770e2-c388-409f-98ab-90c08ad0defe,1VX4KU4AX41,0.10,UNUSED
2abb0da8-0338-4a50-9f55-0b66eb7abe84,5CW2VJ3HR09,0.20,USED
e25a25b9-58b9-41d2-a30c-05614b426455,7VE2GM6XY06,0.50,USED
409ead94-b30c-41ad-982d-ccca6a7e0b60,5YN3VH5XN89,0.50,USED
07260ecf-186f-4749-be5d-413fbf7848b3,3F48W29XW81,0.40,USED
3d6ad5fa-c870-4b98-9e4a-2f9188934cac,6WP1QC5CE95,0.40,UNUSED
8943f817-4523-47e7-a46a-8ef853e235e5,2VX0RP2PN40,0.20,USED
a575cd69-614f-4f17-a698-46def9297b63,2XC6YP6XV08,0.30,USED
e0acd745-9f3b-4b6c-94bd-2e5261aefc53,4F96V22NK65,0.10,USED
a8f7fd50-9c34-4995-a8d0-9c968e996af4,8QG1AD9VU62,0.30,UNUSED
ebb755d8-0485-4cfc-b6a3-9e4b5b2743b6,4PE1J55GV62,0.30,UNUSED
cbac3692-a28e-4ae7-9989-66929456589d,1G17MK9FD02,0.20,USED
aff5fe1f-64e4-455f-8dad-5a44f410cc6c,1YE4DY5TC79,0.10,UNUSED
3479fe6c-6275-487e-8cd1-795c4c28a217,8C09AM5MF01,0.40,UNUSED
5483538c-a13d-4105-930f-627863a27bad,3TA7FG0CU40,0.50,USED
6ed6ebb6-ecf6-4663-893d-72ac3ac9174f,4AM7FW4JA78,0.40,UNUSED
9f5cd91c-4ca3-4e7b-85f9-4c3e0d594d6c,1KD1W37MC64,0.20,USED
2103bfa5-2f24-4c97-b703-2b5015d66dbb,1N43U91RH28,0.40,UNUSED
38845238-66b4-4d5c-86c3-bd98b502a652,5EJ7PJ4RN75,0.10,UNUSED
49062688-a877-43d0-8970-393046db47eb,3UX7H09HQ52,0.10,UNUSED
293b0ccc-36c2-4d18-89d3-c4aed6cd9d59,8XV7KG5YT89,0.30,USED
563b189a-790e-4262-8e1b-a4a48c130ed8,3WW2E30MA72,0.10,USED
08f98f46-27cd-4b1d-87e3-6483b1f729da,1GW0RJ4JF18,0.20,UNUSED
d09bc6d9-6bf2-4d5c-a7fe-6143ca845988,3YA3FG7TJ67,0.20,USED
d41581c7-6477-489d-b4c8-cead62fe46ae,3C81W98TK58,0.30,USED
b2429118-0dad-4246-a9b8-5759e70e3598,6DT2YP0RU29,0.10,UNUSED
faa48251-2883-463c-baae-595dd643c40b,3PU2QV0HV52,0.30,UNUSED
b92ef6bd-e872-4def-908b-68d2add93f25,2T76JE5XR72,0.10,USED
fc963df8-a0cb-4721-88b5-189ca39e79d4,2G46U12KM15,0.50,USED
1c9b3832-9fa7-4be2-9a63-0a421b0ea1a7,1AF5G09HK51,0.30,USED
de87950e-5147-45d5-831a-9ca1ca7ce09d,9GK0RX1AY22,0.20,USED
75b5911b-9b89-42e4-b1d3-302afe419d59,3GT7A76YW10,0.40,UNUSED
c9a5f53e-caf1-4c5c-8e9a-3c2599e8c9b6,8RA6EC7WP98,0.10,UNUSED
a1dbe1c2-2736-4502-95a8-f02e1577e756,5J89RM7UX85,0.30,USED
2c05a8e6-7f2e-408d-a872-065f68ef8e7c,3RE6NF4KA54,0.20,UNUSED
c8ea7028-1d70-4636-a4b0-47343021c5a3,3WM5H51FW02,0.20,UNUSED
e9087239-00e6-43c0-9427-ebaf3ef52dec,3XM6A59PG47,0.10,USED
c2d92fdd-8205-44a3-8c46-6f0a1c4b3c19,1X79VA8UD07,0.30,UNUSED
22108ed1-b3cf-459d-b852-e67573bb82f3,4VQ4DA6HP86,0.40,UNUSED
88cf5555-8419-4c91-be92-67446cdb6df2,6YH1W70KW30,0.30,USED
27789d88-dd6c-48f0-a171-58087552909d,3M76QG5CC41,0.50,USED
c650b9fe-1559-4298-92b1-ea89b1ba6009,2CP0NM2EY45,0.30,UNUSED
c2dbc3dd-0e23-46ea-acf0-6232fefc6c13,7WH1M99QE88,0.30,USED
d355bd07-0d19-427a-b5e9-fe650e8540fa,8MK6K52NK64,0.50,USED
9e75f9c9-50ba-4e05-a231-0df6204c440f,7UV7K30AM71,0.20,USED
d65f154e-62ed-4e0f-bf04-3aa79eec8e6c,9AP5HQ6GM14,0.40,UNUSED
1a90f274-d9c5-4492-b6a5-44b5b6a06239,6KN4Q56NJ55,0.20,USED
9ca25d2c-0619-4bbc-b202-3770ba7a98f0,2D30VY4FY56,0.30,UNUSED
05bff174-05fc-4b26-abca-33a4815ed371,3QY3U91XV88,0.40,UNUSED
77f72e22-96fc-4ab5-bd00-5dc6cba57177,9AY6MJ6CF11,0.10,UNUSED
4b626a96-04b6-42ad-88e7-ab36cb024215,2UV2YD2PJ01,0.40,USED
b4950c54-b5b1-4150-91f4-8b616aec4d13,9ER6QK8WN44,0.20,USED
84ff4cda-ba26-4e84-b5b8-4e5786c88875,8TW7FK7KM82,0.10,USED
88ea3852-6445-43f2-97d2-3df0f7d79bee,4GD6RU7KK41,0.10,USED
9c22f383-97b7-4366-8d00-abf36df20a63,1JU2CU1QW73,0.40,USED
a01e97d6-1af9-404c-a2ec-5f3a63ac7f2e,7J34RE0DJ08,0.30,UNUSED
43b61a11-dd5c-490d-bdcd-e5ea7d111bb7,7X53EW4PP39,0.30,USED
19a60c00-7074-4bd9-a9fd-0547d374cca5,4P99KQ0EV41,0.10,USED
8c5d5af1-56bf-4461-ba17-136ae17dc9de,2V50RF3GA08,0.50,UNUSED
567fe699-c21e-4751-ba8a-8a2e598d731f,4XK5N83YP67,0.50,UNUSED
8dba7f34-4a87-4c5c-be2e-bdeb47c94f9e,5M74VA8QG65,0.20,USED
fa457d1b-bafe-4de8-b82e-36ad565fa04c,9J48WQ1QT31,0.30,UNUSED
237af7d7-6115-497b-9f54-7b3b8104f57f,1E86WP9RY65,0.40,UNUSED
febbbc97-68d5-4f1a-8136-926ae17aeeb2,8JJ0W02MV94,0.50,USED
7be2a1f4-5ab5-40e8-b6e4-f0071448df73,3EG9HQ4CR53,0.30,UNUSED
b176b5d6-1a7d-458a-b70c-cddd578b3cce,1Q46Q09WY05,0.40,USED
d6e68e5e-8647-4159-a6b2-e2adc53d2004,7MP2H09TC79,0.30,UNUSED
de2cecbc-5ccd-48cc-b1ff-e9720980bacf,8D70RH3AR23,0.50,UNUSED
3b77a5bf-5c4a-4e04-a662-80dfadcf685d,9F68U19YT66,0.20,UNUSED
bcc3cbfd-a2cf-472f-b73d-deb25b2f7f46,8T10Y32JX11,0.30,USED
4c0fe112-32b2-40e3-82e5-6f768eb4e7ec,6EE3KP4JM40,0.30,UNUSED
cad5eab5-30b5-48f4-971a-0049d4a82e7b,8MN7E81WF00,0.40,UNUSED
a0b9267e-57f9-4f3a-92bd-9075788b0487,4FW0HR9VW22,0.10,UNUSED
afe4bc2f-1896-46a6-850d-e938ed614bb9,9V33HA2KU49,0.30,UNUSED
624f769e-d31e-49d8-bbd7-60a98f0a0c38,2TJ0RY7MM83,0.20,USED
ec91a015-1b16-4021-9d3d-223265718879,4YA4P16KP75,0.10,USED
492a92fa-c902-48ff-aadd-99f43b098dff,1WF3C21ND54,0.30,USED
140937b2-734e-49d3-b7e4-33ad72624255,2UQ1JF8GK48,0.50,UNUSED
356575d7-0e5a-41f3-841f-e1d149365e7a,6GT6TN1QX26,0.50,USED
8eb8aead-c501-4b46-bee2-fb8e6ed0d39a,5M88UX8TJ01,0.50,USED
d6cc43c6-addb-4c04-84a6-22197f01f970,5AN5T25FX27,0.30,UNUSED
8ec9b935-ec6c-47c8-a9e7-9489ab33ac6a,6V83EX0HC57,0.30,UNUSED
3b75b1ce-1048-4b6c-971c-825e8af4904f,3Y27XM3DV65,0.40,UNUSED
a66ddc10-01c6-42b4-90c9-fc61ba04c469,3KV8GF4MF92,0.30,UNUSED
3609fa51-7df9-4eca-89f3-d65519d8a371,8T48EV3FF06,0.30,UNUSED
1d46ef5f-545f-449c-86ee-b7012226c287,1PE3Q42HV26,0.40,USED
c2cc736e-0a94-455b-a4f3-a8c8c91ea71d,6G50KY1WY87,0.20,USED
0f87a822-c26d-4c39-8e2a-24a985d3defd,8F94KW4TP68,0.50,UNUSED
24f49466-10f9-43ba-883d-8e6b5c8416c1,8EF2JJ7NY15,0.10,USED
c94c8481-1257-4356-af52-c1b55e803819,1X13J83XY63,0.10,UNUSED
accb5193-8c32-4e34-a669-46a06c2e99d7,3XM8KG6AG07,0.30,UNUSED
5ba97718-e209-4866-97a2-a6cd011675d2,4A06PH8FU69,0.40,UNUSED
bb95cfa9-238e-4b42-a793-35c305385523,1G11PQ5YP60,0.30,UNUSED
d384d244-2349-43ec-994a-5f64a6a6d88c,6FM0DR5RW51,0.20,USED
db969be2-4ba9-43f9-803c-b70d179fd9a7,9MU6JA2FU20,0.50,USED
a98abcb2-4db9-4642-b118-cd39f0035dc7,7F06HC4CA41,0.40,USED
9b0fcce2-9016-41aa-b42f-21d66a69b710,6KD4GN3VF68,0.20,UNUSED
eacb9d01-9161-4b05-b6bd-846ee6e7882c,4MQ2G62PW83,0.20,UNUSED
31e6c40f-a285-4003-a725-9031ea5b6809,5U69V52CP97,0.40,USED
c1c3f5c0-283e-45e7-8397-a7134d7cc46e,1UG9R73NU01,0.50,USED
051654b6-5713-4c9c-b6a5-f9fecaa75dd4,7U14R11JU22,0.10,USED
41bb5988-87bc-46f1-83b7-feeb9d579ac7,1AP2YV0QX90,0.10,UNUSED
2f9341e2-55d7-4330-a12c-306698dc8365,4P40TJ9TP46,0.20,UNUSED
25fe3f03-b7dc-492f-89b0-5a5e6e49dc98,6JN7X09HP58,0.50,USED
e8a355ff-4112-4497-bad6-6a40ed12dc5e,9JY8PP8FE49,0.20,USED
13de0a7f-8c4f-46dc-9153-6f4a61dfa5ab,4KX4TD0JV79,0.10,UNUSED
1638e455-f978-4d45-a344-75f9c0b5b78f,8HY1R09EY39,0.10,USED
c1e750a3-df13-4c88-9aa1-2703078947c6,9Y27NR0KH26,0.30,UNUSED
23bdc886-521a-4cd0-8fe9-3ab931470265,4QD8MF8EC33,0.20,UNUSED
b7746e1d-eb49-4927-9b8c-02231c0daf9a,4FU9XF7MA82,0.10,UNUSED
fa4f2dcf-4bf4-40c7-9be5-827060f3a304,4TF5NK1WF99,0.50,UNUSED
24b76cd2-b772-492a-acee-c4f5a30281fa,6KM4V94HA84,0.40,UNUSED
c894fa36-47dc-4092-b6cb-74bc35c5e426,2YP2E62YP68,0.40,UNUSED
26783e63-3d05-4797-b048-fcf5dfda3fae,6D41RV8XA67,0.40,USED
94c73ac1-5449-410a-a3f0-62bbc3a2a988,7E89TM7PF21,0.10,USED
1ce7f6e3-34ad-4443-a96f-5cb669d7dbb9,8K17CX3ME71,0.50,USED
1f5e200e-7d5e-4c2e-bffe-ef95ad3f466c,9N27MG5JY91,0.30,UNUSED
aae055a4-1d37-4730-9967-5507f99d9ed1,9KK0A42WK02,0.40,USED
926b2e2e-6bbe-468a-bfc4-90979e83c499,9TJ1JG0TG30,0.20,USED
15c757bf-ef28-44c2-a980-eacc25425ec2,2F91PF5JF74,0.30,UNUSED
e82a3067-3845-4cd4-a56b-6e08adc8bad1,3PC1CH0NJ06,0.50,USED
2c061c45-ab31-421a-a85e-e92359c1db83,2YQ0VN8MF79,0.40,USED
c8f90d5e-c458-4dfc-b42b-a4cc502b761f,2DG4E59NH29,0.10,USED
bc3de6a0-933a-4575-b01c-5bbfbc25549e,9FW8C74GF26,0.40,USED
6bc75da1-bab2-49f5-8488-dac0e2060f9e,2DA9FG4AK95,0.50,UNUSED
0ffedc3f-6103-40a6-9a22-31ab053924a7,1PT9PT0GU34,0.40,UNUSED
b9ae7be8-11a3-49a3-bb8c-b23a0ff50a30,2EA2JN2UA15,0.50,UNUSED
41c29d94-2b0f-4d3d-a2e9-b066a32920cf,6T74RH7JM58,0.20,UNUSED
2346729c-cb69-40e7-af23-15057302536f,7XN1W72AV85,0.30,UNUSED
0c054dae-2494-40d4-9a49-8e7d1d44c387,4JP6Y83DD47,0.30,UNUSED
8ea1a679-b02b-44bc-ac3d-2a024f814c9f,1V97X66TX04,0.10,USED
0e070776-abff-4e84-8ea4-00665d001980,9PQ5M24QQ08,0.10,USED
720086e8-e43a-458a-a5c7-0e5d7a0e7d7b,5WR8HD1TK42,0.20,UNUSED
2bbb8ca8-756a-4f1e-ae02-d0fbaca6d2bc,4N20WW0HK42,0.10,UNUSED
f691b83b-3425-43e8-8360-642fc66f9d9f,1MC8ED5RR46,0.20,UNUSED
f1ae57a8-0b0c-426e-a6af-c3c0a2db0310,9TY4D41MN01,0.50,UNUSED
de238d66-5e26-4252-a2f5-058b1d18b33e,7UW2X69QV47,0.40,USED
da143952-fe45-48ed-a61f-f353367f2332,1M14DG2FK66,0.30,UNUSED
5bf6d878-cea7-40cd-850a-c373adb1e8c1,4HH5Q40UV10,0.10,USED
62a4e6a9-8b44-4b5c-8867-0d67347594f3,4UC9KQ9JX03,0.40,USED
cc32124d-6606-4280-aeeb-e54291e81f9c,4KH3VN7WX03,0.30,USED
65fe7b2c-fb44-4bc1-a45b-c3d052e21881,7NM8YF7UQ13,0.20,USED
f29a5843-7fc5-40a2-8535-4036520b710c,5NT0NY3UE33,0.10,USED
4cb29e6c-8268-43f2-84fc-484925be7c52,7J33R48TJ78,0.20,USED
7d27cc40-3431-4076-a5c9-ad4e50775d9e,5U08FE8NU56,0.30,USED
c9d657a6-42dd-44b8-ad94-d40f6002ca32,6N09WN0GF15,0.40,USED
580e522d-47a8-45d7-9386-7fc435d57517,6WP9UN7PN52,0.30,UNUSED
451e532f-748f-49f8-87df-dfe5fa30aadf,6HF1VY5PC38,0.50,UNUSED
4037b675-e802-4c31-a3e2-9ef12f4e2f28,1PA1PG6UJ84,0.30,USED
e84726d3-17a3-44f2-8ccc-4300f20cd677,5A54GW4NV75,0.30,UNUSED
57b9a043-c33c-4507-b33b-a86a5a174617,1A82JF8EY74,0.50,UNUSED
ef14542a-f05a-47ae-a98f-a39fc16b5884,8N48JF7HC06,0.30,UNUSED
ecec0ced-1636-4182-91c6-d0046cc3af29,7KF2A41EQ40,0.40,UNUSED
dddbb0d8-c203-43fa-b1d0-7918a860fc8b,7VG4TM7HU77,0.50,USED
aea0d92c-75d9-4ead-9249-dac5598d3bd0,7PR8C08UE46,0.30,USED
d8009867-be3a-4670-a27f-29bac9e0a252,2YX3Q58JG20,0.30,USED
ea44a22a-0af2-4ff3-a53e-e6d28c3eecd8,2Y94EN2QC46,0.20,UNUSED
20cefbc8-790c-46b5-956b-d2ff916a4afe,8NJ3E52HD47,0.20,UNUSED
903d4713-e5f9-46f6-bafb-3b382811cb37,4E88UU9XK05,0.50,USED
baa23053-8064-43bd-9446-a4f4cd531a56,1MD1UM5XC71,0.50,UNUSED
0fe0c3c5-e3fe-424f-a4d0-521edeb6848b,4EY4YQ9RT85,0.50,UNUSED
66bfc361-3d92-4d58-8958-91152ba9634c,9HH6NC1JY67,0.40,USED
63ab22f6-1dc3-4686-96b3-5a97c323be25,2TW8C52QH80,0.50,UNUSED
26a19e2d-592c-41a2-9603-1809306073e9,8ED6YV1DK84,0.20,UNUSED
f345905c-9168-460e-85bd-7e581999c313,8PD2XY0EP52,0.40,UNUSED
74c3145f-37ee-41f1-9202-47bb1a3a6e54,7KY9TM7QM04,0.30,USED
f64da564-7486-4226-8949-4e7ec68f05d8,7X90Y21DM53,0.20,UNUSED
cbfb3fc0-17b6-45a6-aebb-675d73bea3dd,3PK7C12RQ86,0.20,UNUSED
4bcf665d-7352-4ad0-86d8-7f64184a9500,4GP9Y57QK96,0.20,USED
e0e00b29-a1a9-497a-9423-b62644036155,2VG8XK3GP48,0.10,USED
05706bef-3632-4d23-a272-a5ef286ecc54,3AA0NA5RQ09,0.30,UNUSED
7b84f7e1-ff78-4c63-897a-8601b216e94c,9A36TC0DJ76,0.10,USED
1ba54185-ec61-47b5-80f5-2c890bb985c7,4N84XX1WG94,0.30,UNUSED
b43930c0-179a-4969-ad2e-6e6637e67eea,1C46PV1AA99,0.10,USED
8f4a89dc-ce98-4d81-8d1c-1c83f92b3909,3A35W22PF61,0.20,UNUSED
4fc4d1ab-e378-4fc1-8578-bad688dd7b09,1D25VF2TK22,0.30,USED
fadb82b6-8631-4951-a5f7-d89baad1c5db,1MA0EW3VP35,0.20,USED
c61ef18e-0213-4bca-b743-bf634c0329ba,7E30H83YM38,0.20,UNUSED
11bca3c0-5e17-445b-8be5-9125752da439,8NV0V47AW30,0.20,USED
b140ea99-3462-4177-a0bb-2a13a88c5ffb,1HX5Q61JX91,0.50,USED
196e41d4-e13b-4d56-82f5-c998d6c38693,9TM7M91YJ95,0.40,USED
e47c8b8c-f7d2-45eb-afb0-17dba2f41117,9Q70N83AQ09,0.40,UNUSED
e594fefe-36b3-4e34-bbe5-05755369b285,5RQ3HX3VR02,0.50,UNUSED
da0cc40a-25c6-488b-ac78-0d4a8a7d9789,6DA7CK7PF37,0.50,USED
99d05cc5-587e-4ab0-99f2-c4ce6fdb01d6,7X03FY8FV94,0.10,USED
d4f17a49-cd6f-41e5-9145-c2de6fad36ba,3HA7VC0WF03,0.40,USED
5a54c68a-99c1-41ab-b6d5-5a745d4174bf,3H95U85DF91,0.40,USED
d14facdf-3e6a-4a04-9de1-0e47a24d779b,1V26E08FA61,0.50,USED
64288646-5248-412a-a15c-8ec64ccdad72,9PK0P95JM10,0.30,UNUSED
ba262267-21a5-449a-ae05-3c6ff3fc4694,2N81NA0EK50,0.40,USED
d22cebe4-426c-4c42-b658-1466d745f641,5H48MH9WY78,0.20,UNUSED
247ab038-fe72-4164-b202-fa27dedfe96c,2WK1YM1EU14,0.20,USED
f5e21b9a-97e0-4444-b062-8e9564b25613,4J08RN9WG96,0.40,USED
ff2048c6-d7e4-4e32-ab01-80585308b869,4QU7JT8JF46,0.30,USED
63ff2811-d967-4e5d-998e-fc39dd392818,9AT3W57AR09,0.50,USED
84c94bd7-5e7c-42f5-817d-5d2a406f3cb5,3RM5TK7NM81,0.20,USED
d3cc1953-2654-4ac2-a7a5-e596ac9adc9b,1KF6FY1PP97,0.10,UNUSED
d405cec9-ee28-41f0-9c1e-897b720499f9,9YK9UU5KG26,0.40,UNUSED
a3efd5fb-aedc-4fdb-b313-bba0dc3a0d98,7G47NU7QC06,0.10,USED
c929dcf6-659b-42ab-a2d4-58217c2c5369,6N59XF0FQ22,0.20,UNUSED
492ccdaf-822c-43e4-a02a-aa5a47046d20,6C32UF2JC29,0.30,USED
c040efa8-2f68-4cf9-a83c-81e98d08f7e1,9HP2PV0JD57,0.20,USED
50f5527b-18df-4a1d-b9a0-ce778f9deae0,1T75NP6TV33,0.40,UNUSED
6886171c-2a86-4857-9e39-42da41d168f9,1M30H25MN68,0.10,UNUSED
06fd334f-7c07-41e8-87f6-df554aee352c,3RT8MU5GT53,0.50,USED
ac987909-c02d-4636-9c2c-67a60674456d,2H69PM9FJ98,0.30,UNUSED
1c97ac94-26f1-43ad-8d87-6ed357eacfb4,6G15DC7NY51,0.20,USED
e2bc64f2-e529-4ead-9e32-eb05d34ec903,4DJ5GT1HD52,0.40,USED
5be5556f-a736-4284-a5fc-e7f770334fe3,6EX8DQ0MU18,0.40,UNUSED
635a45c4-beff-487c-a70a-e9684f1dd136,4YV4YJ2VE43,0.40,UNUSED
b33340e2-b167-43a0-b8ac-38cc6affeab3,1WD7U32RX57,0.30,UNUSED
7a585f56-ab1a-4ef4-9f2b-d4f3c0dccbc0,7DF2P41TX14,0.10,USED
b01a7586-1058-402e-814b-56e9d24b598c,2Y83M77XX77,0.30,UNUSED
18ff33af-37b8-4d93-ae45-58133f8fb640,5P50Q89RA56,0.10,USED
a8a12fc4-35de-487a-a429-b9e0dd5e61f7,9NN0N52NM56,0.30,USED
6f0d8ee8-68a6-4115-84d4-881d5567dc24,4MT0FT7JM45,0.20,UNUSED
057c3f7c-8118-4c8b-b440-0f45bbcf4448,9UV9Q01ET56,0.40,USED
d4833ceb-de0e-4c7a-87c8-96e96ced5d0b,6CD9ED8RG28,0.10,UNUSED
c66df0d4-f6b7-4a22-838f-15b3dd1fae9d,2KY6QN5JM36,0.40,UNUSED
215c1345-ed20-4d9b-8a64-d1c289cb4d61,9T06CX7XJ59,0.30,UNUSED
6d310d88-1bf1-491d-8186-bd33b43547be,6GP0GY8CD11,0.50,USED
d716616a-7d77-4137-a2c4-7e0fa520bfb4,4XE5FT8AT21,0.40,USED
a1041366-2f46-42de-8959-46a3f79ea441,6QJ7PW6FH93,0.20,UNUSED
65253fa0-ec19-4c52-9f09-ed6a5fca3ec3,2K40NX2XV70,0.30,USED
765ba715-a7b2-454a-9e27-65724f926978,5A87MR0TN07,0.50,USED
50673bd8-9259-476e-b81d-60041016e439,8TE1CY8TR68,0.40,UNUSED
4e60f2f2-aa2b-49b9-81dd-9ff864923c5f,9D81AY6WW09,0.10,USED
b70d1134-b7b1-4acc-9acf-f34a92262b3e,3H18QA1WJ36,0.20,UNUSED
6942842a-d24d-4c55-83b2-f824afbf1ab9,1D59MU5EV37,0.50,UNUSED
e5181c2b-d979-4279-8358-027b8f5d3f5a,3RA2U09RF32,0.40,UNUSED
15fd03fa-b489-4fdc-9fa6-f11d7b14085f,1U58RE1JP17,0.30,UNUSED
6060a1ef-5544-48cb-8be8-e02349227c9b,9T64WT5AC92,0.50,UNUSED
c3bdc1e0-9fd4-4478-914a-a854a206715b,9QK5NG9EF88,0.20,UNUSED
e1dd519a-dc8f-4f77-beaf-b286516dbdb3,8AD0C11MV93,0.30,UNUSED
c3677f0a-55c1-48d6-a742-6204cf4e04fb,7GD6G93AM99,0.50,UNUSED
b3a0708a-afd4-4470-8c2f-f2bb7c728825,5EX7J97YD37,0.40,UNUSED
a52e0242-e528-4f64-beac-53bb0e9ca743,8PX9JY3YV34,0.10,USED
6dfe972d-d9c0-4235-b72b-dac1ab0f69d1,2W86KE7TA42,0.40,UNUSED
24251b42-7c48-4e6f-bf96-c0896fe3581f,2VJ8A28VH63,0.30,USED
a9370dfa-2634-4464-b633-b82ed4d2d686,6J95M21WJ01,0.40,USED
1cf7fabc-2777-4a59-be79-59fb86510334,9N12QV7JY66,0.10,UNUSED
c1a14ab6-e887-42c3-9dd7-4560912a4735,9X11N12XT07,0.10,USED
29710dff-2e9d-457c-84c5-a67c85a368b8,1EC5YA8JA23,0.30,UNUSED
11b5e970-2aa7-4702-92f8-ee97cf9cece7,5YQ7Q84RR98,0.20,UNUSED
0ffdd177-53c5-4ee9-a0fe-325dce481cb0,9T87JW3RC15,0.40,USED
2e9faa4a-9249-4efe-b582-d0aa08b3d777,3JN6RR8EF59,0.20,USED
dcdce143-82a9-4979-9dc6-78a3172191c3,3PY0MK2QF82,0.20,USED
18db2556-515b-4e38-97bf-26a68e6b2c99,5ME7FE5QR51,0.40,UNUSED
3bb1655b-9007-415c-b78a-c6c10a386882,5XT6GQ9XQ72,0.30,UNUSED
e644c698-5398-4f5f-a7b8-ab66bb280e9f,6H72H48TW29,0.40,USED
4e6f0d5a-b70a-40a3-ae31-31f9998566f9,2V17MT0KA81,0.20,UNUSED
bcd61684-5aaa-41c9-b524-d63bdd9a6382,1F50JV5CJ41,0.20,UNUSED
ee2cc879-c679-422f-bf37-a4d6f3023896,6V53UU8UH74,0.20,UNUSED
67eb366d-2151-4f07-8e73-8b04a8ab931d,4Q70A05EW45,0.50,USED
f849fbc5-91d6-453d-8948-f9ef9a443b14,5PN4CU0UJ57,0.20,USED
1ea8dbb3-1e1d-42f9-bdec-1ff1f13b5346,7HV0PR6FN14,0.10,USED
826e18b9-a24a-4fe2-8b45-7c8dff2d973e,3T62TX9FF49,0.50,UNUSED
ffd202e2-8538-420c-9a9d-989dcae6310f,7FM6UW3UG79,0.30,UNUSED
8f0c5e22-c601-4217-8bdd-2af14f005d0d,8E79EW1UW94,0.20,UNUSED
98a4eb07-2e58-48a9-ac50-84e62903f8a8,1K00EX4WG51,0.10,USED
0cd6b81e-34e3-4614-a1e5-a87bc502add7,3WE4RY6EF29,0.30,USED
ce1be4ba-d884-48e0-a88f-3495f2a1aaa1,3PJ4D88RD06,0.30,USED
62eb8e19-d7dd-4e72-9ea9-90ff38bf52a0,7FM4QT6FD23,0.40,UNUSED
1c3e654a-65b3-4782-9713-e3881a36dbc3,7U35WM1MY92,0.20,UNUSED
c5957164-d06f-4520-a497-d61ec4be0070,7CM4CE7JJ33,0.50,USED
b21a9016-ef5a-415c-b121-162933f3de3c,2PX1HA3KR56,0.50,UNUSED
4dc124b0-20c1-499f-a5bb-2cd222eedaf2,7M48KX5CJ31,0.20,USED
3d4e3b9a-365a-4f56-a6e9-05fef9dffcd2,1Q75DK9UE67,0.50,USED
72500781-3631-4def-947e-745542cc08a5,9JF5QD8XJ23,0.50,UNUSED
0ca0e212-2b44-40c9-ae6b-53e869b95f29,7VH5R97MP24,0.20,USED
009c38c0-f957-4977-9502-1eacae7fc33b,2P30G76VF50,0.20,UNUSED
31e98a16-2da0-4878-a485-b850195d06b6,2X99U19XJ46,0.30,USED
67303053-88c7-4013-8abb-df26afd775d4,4D90R27PG02,0.10,UNUSED
a8fcf826-3f15-4f01-b295-750c6d1adbe9,7A35GK3WD42,0.30,UNUSED
aa2f72ce-e496-4823-8f97-e2b234809c6d,5CC7G58HN59,0.10,UNUSED
d49f21d1-324e-4968-b926-256bbcd6896b,8UT8CV8AR40,0.20,USED
623c535f-602f-48e6-a5a7-a5802586c06b,9X85TU6KR55,0.50,UNUSED
0f16fb37-4703-4073-9c20-8f9f40263a2d,3ET0EJ8KK65,0.40,USED
04000898-f73d-4dcb-9cbd-861d1d5a5581,3Y37AN6WD69,0.20,USED
c1fb7934-40ca-4ae0-8b09-e0280f38c1ec,8DH8R32GF14,0.20,USED
66136a67-e3df-4c00-bc32-64955810de71,8XK3D78DE42,0.50,UNUSED
dee85586-ef34-495e-a69f-8a5cb139e9f4,8H86CD5WV69,0.50,UNUSED
2e0f94b8-c3dc-482f-b5ed-14bbfa0de996,9VP7VK0EA19,0.40,USED
b0f19604-df32-40d9-adbe-b732fad0622a,8A61U78PV58,0.40,USED
1a00308f-401f-485c-8537-23fdbc0cb15a,8FM4FH8YC55,0.50,USED
5e860253-9310-4759-8bca-5d14d9ed742c,7U21A17VG37,0.10,UNUSED
4a8c5ee7-1f14-402c-9c2f-2fb8d9e43ac9,7R98KH8KV83,0.20,UNUSED
77ca0252-c09c-4cd3-941d-f8e424157de2,5XN0PA0TJ29,0.40,USED
28744ec3-575a-477d-8bfe-2f8b28b34ee3,1AA0HM2PM50,0.40,USED
81689e74-024b-4895-af00-83daa046fcf0,1W92E81CF14,0.10,UNUSED
6ab3e840-c7c8-4894-98a9-a59d70a66ab9,6E11WH9XP68,0.30,UNUSED
a832d4c8-4729-43c9-8fd5-c7ecd2f5c835,5C68RU4AH12,0.10,USED
dc1ec506-5579-4fe1-b23e-26ada74f8b0c,1GU0P64PR77,0.50,UNUSED
5f3b221c-8be6-4d21-b288-d2a508e7f57c,7UF1AQ7AH18,0.30,USED
8dd335ac-1e78-472f-b355-d31f099b3e10,7G26RW5XJ34,0.20,USED
a7e037a8-7f94-460a-9dd0-d19d6ad1b8be,6AX2VJ1RN81,0.20,USED
e1804c8a-fd50-4cbc-a23c-0e78be7e564b,4VN8TE7QE29,0.40,USED
627241d8-5d63-4ff6-a1dd-5ff6e5f012ad,2HY1FT7EY07,0.10,USED
417a4d86-2282-4952-8dca-9f8d9823202d,6AG9GU0YK23,0.40,UNUSED
27cdad83-ab30-4a4c-80c6-2d22749f1e41,6XY1UJ2GN13,0.40,USED
96de97f6-f2bc-4d7b-9c0d-2e2cdf0bbb57,1N27RC9GG21,0.40,USED
17d5f14e-6d48-45b3-a709-ac6f5815c83d,3N07CT2XP99,0.10,USED
c5ead7f2-2b8d-43e7-8072-fe3491519e84,8EM7A40WG89,0.10,USED
fd710434-1934-4ffd-997e-75d286eb2bc0,5VK4UV4FR87,0.10,USED
48e3ba65-4145-4ea7-93dd-d08f13aa6ecc,9PF6MC8CD13,0.50,USED
15ab6b33-e9db-485e-b0bd-b51fb10e9ae7,7K75RQ1JC81,0.40,UNUSED
c028b058-b39c-424c-a02b-4c9cc16b4673,4ER9RK1JY16,0.20,USED
f711252e-7ff6-408e-b8e4-cb9c1d686006,1C27RV4JU88,0.30,USED
586e749c-5aa6-46cc-af89-25313f7f22f4,7WN1F82JA56,0.50,UNUSED
0f24c451-d586-4b6e-9093-0d2cfe66a5bb,9UK3TW4UN17,0.10,USED
2ae5c52e-6622-45d4-8ae0-7ea774992504,1XE7TH2AX96,0.50,UNUSED
0084d200-2561-4291-a55c-975982db4211,2DD8GG0HA16,0.10,USED
8ee543b8-84d6-4729-83ba-081c4bd1e671,4EV9GY7TW80,0.10,UNUSED
896c7062-6038-44ed-8909-b0d5fbbd82d1,3FW5QE1YE64,0.10,UNUSED
952c013d-aacd-4d52-a191-261aa2898e45,1JU1P23NW41,0.10,USED
8524b02e-a883-4011-b8db-0da404f75767,7R63XH8YX25,0.10,UNUSED
1f5cd847-5eb0-4b1e-9485-45e7e97db5cf,5EG5VC3CM56,0.10,USED
5627ece6-a116-49e1-87bd-2f8b43958443,4F95WK6QN94,0.20,USED
0841117e-f5e6-4e04-ae22-8469194eaed9,1R81U67RV80,0.10,USED
667cb46d-525b-4aca-85ef-6eb2d07f1f33,9PY6M66GP75,0.10,USED
88baa0f9-00fe-4943-81ab-1e130fa169be,9Y79HA8QK31,0.20,USED
89e1e9b3-0cba-4903-a790-a4a2ba8be9c6,1MT8A02EM09,0.10,UNUSED
73c6705b-7eb9-4300-b1aa-0fac380a39e4,4F94XF7JP65,0.20,UNUSED
492a92c8-4741-46ce-a21b-b88fca98a83d,5Q59KJ1EW04,0.40,USED
4f764916-5dec-449f-8e0a-82b8624c4cad,6Q25YV0HU18,0.10,UNUSED
183b189d-a65b-4794-b29d-2965fd723d8c,9JJ6FN1EV25,0.20,USED
b00edffb-768e-4a13-9d27-f1fe09dbce61,7TG9KQ5FA53,0.20,USED
6aacc1f4-e64a-44d6-b2a1-2c53a2a1cb70,8XM3JU6CJ42,0.50,UNUSED
a9f2048d-788c-4de8-93e2-9f3594c8a6d1,7CV4MP6TG63,0.30,USED
42c6a4ff-da2f-4a04-95bb-7d30450bdaad,8RF3VK6CV11,0.10,USED
456354f1-fe52-45d6-89c9-934f734ced8e,4EG1Y88WC27,0.50,USED
5376a78c-4046-42b8-be2d-ef5294b45c21,1U33TM1UR56,0.40,USED
e93a2fa9-ca6a-460d-880e-17cf0a42238d,9JR7VC6AV68,0.20,UNUSED
5ea3e8c4-8fb1-4ebf-a0a8-a7290832aa9d,6Q72W95JU54,0.40,USED
a3dab569-c8f0-4f85-9e62-2a1ad38ae713,5WK9A74RG19,0.10,UNUSED
af655f2f-a913-429e-8bd1-e87299442f6e,3YX4PV1MD90,0.20,USED
260027fb-3649-4d9c-98bd-0a2e4bc986f3,6F73QP7CV43,0.20,UNUSED
e21044f0-d82b-4e67-8211-186ebdba69f3,2PM3MQ5NW07,0.20,UNUSED
ecbac5e2-0e55-40a7-b3ca-d9664492ea45,8W02YW8DC51,0.40,USED
9227f5a3-119e-4fb5-8942-1db6aa08933a,7JV2XQ6GJ83,0.40,UNUSED
91cfafea-2a1c-4e4d-9a26-e3d5f577bda9,5GY9EU4RV37,0.30,UNUSED
b77d6e65-fd5e-4953-a351-525c0272f79a,4D81MR7AJ52,0.50,USED
d1eb1d42-1184-4a0b-87d9-e5eb9f4bdc73,7K75RY1QV68,0.40,USED
83c33756-ae2a-4d23-890d-4f58914c4c41,8W67VJ4YG60,0.50,UNUSED
a35ee233-075f-4947-b0d4-2ccbb6ce9f6b,1FY4MG7JG03,0.30,USED
8b840a13-0b4a-4449-9cec-51b4d509cc0b,3UY1J45GF27,0.40,USED
fed3d16c-1307-43c0-bffd-dd2c927a846a,8C75EJ5RK48,0.10,UNUSED
a2139025-295b-4d6d-aa57-db2e733c12fc,7PE8FT8YK86,0.10,UNUSED
5aba7314-ee09-4642-87a8-c34b9b1d57f2,5JR6KD7VF15,0.40,USED
da6959d9-a2d2-4918-b3df-12531c2e9cad,4AU3H94UY81,0.10,UNUSED
8964cbdb-ee16-45fa-ad33-5d9a8bad264f,6MN8GW9JM61,0.50,USED
d14158ef-5c91-49c1-8d2f-fa36689c2bf8,3MH9R52HR05,0.30,UNUSED
92ebcd57-e2ad-40e6-b86f-39e4e3d7b2bc,3DD2NM7GU71,0.30,USED
7e45df9b-10cb-4ff1-8f8d-cd3198659faf,2KE4PT8MJ88,0.10,USED
454e4140-4df1-40f0-9ed6-5d59c6fd611e,9YD2MA2WT48,0.10,UNUSED
4262558b-79af-43e2-aa8e-6a0526245808,5TD4R26DE01,0.40,UNUSED
e0f0a1ab-2862-4f5e-845c-e8703279a67b,9F87C09DY72,0.10,UNUSED
432d9bfc-e84e-47eb-b9bd-0a64878ec58a,6CK9KP1KP83,0.10,UNUSED
30de5a75-16b0-4cf8-90ac-9ae4db094c7d,3MF7TQ5RF14,0.10,USED
7e42f7bb-9ad1-4114-9808-4e18ff7ca847,6JD9XW9YQ78,0.50,USED
648f604c-31e6-40b1-bc6e-603067c5e4a6,1C04HN7PK05,0.10,UNUSED
e07b329e-4739-4501-8423-c72aa0267f7d,4JG1VC3RT90,0.40,USED
c91908fb-8563-4b4f-a9ec-b6abee0ace88,4TV3TQ3CR06,0.40,UNUSED
335c009f-5b60-484f-8758-839ec7615bee,3JP6F76PC06,0.40,USED
6ece6d65-2022-4195-996a-7a5ad239d93f,7GD0AT5YD95,0.20,UNUSED
3df27327-a7ad-4d87-ae9f-04bbda67c2bc,7VK9M48JN37,0.20,USED
e7e73d9e-d5ab-4732-b5fe-bb89727d5abc,3E24W83AD98,0.10,UNUSED
9b95a0a0-6cfd-4d08-b439-4fcab0080ce9,9RC1TJ9QY57,0.20,USED
a3308508-50bc-4658-b721-aa3249246f2b,9RX8H19CN93,0.20,UNUSED
ceaf7b4e-fb91-477f-8d3b-7e49126d4e23,8W09V03AY02,0.20,USED
ef67178d-afb3-44dc-99e7-7b3f999f3a0f,2KK6R95TT63,0.10,UNUSED
77ceeb83-dd4e-4e45-9c39-2e47a7fcf239,1TR7F38DR60,0.30,USED
47a990d5-b8e7-484a-b0c2-5939cdc2cae4,2C96RC5JV08,0.20,UNUSED
d9370bb9-9ff2-476e-87c1-038ab0e02904,4HE1UE6FV48,0.50,USED
322bc433-6fe6-44a9-b899-9e0de490ffa3,7AM3WN1TD11,0.40,UNUSED
d2fff24f-e491-459b-86fc-f16e1bd08cf9,2GF5WD8DU27,0.50,UNUSED
4ddbd2fd-02f6-4142-9c0a-0c41233942bc,3JN0NW1XC63,0.20,USED
b640f8a8-d182-43fc-950f-535fe731b37f,5MJ5Q01UD57,0.30,USED
92097e28-f3dd-49d5-9342-efc18fd3c0b9,5NA1XG7XY08,0.50,USED
c0bdf0b6-3e31-4b39-814b-83f2142ac2a2,6FK7NX4XK98,0.40,USED
bd6e0641-bf4d-4a0c-a4b6-b3af95eb6065,4E35WC3EF86,0.50,USED
44eeb28d-9292-4ade-9b31-d13ed4231554,6P91J06EJ19,0.30,UNUSED
055eb443-f5a5-4d28-ab39-ad3e9fca49b9,2C90HF2AU85,0.40,USED
21f833eb-676b-4e20-98db-071ad19ccd56,4YM9KV9QR81,0.10,UNUSED
8df527c3-8109-49da-ba7a-3e49b69f32ae,3MV8GW5MK06,0.50,UNUSED
e9f3ef9a-aa17-409e-880c-6af4222f194b,1J39UA4UX52,0.20,UNUSED
caad0368-6c0e-49b7-8506-d3b7f5f54f01,1GG3CF8VA72,0.30,USED
39cf0c94-b619-459e-8cf4-276df5a35f19,3M78FJ3DQ79,0.30,UNUSED
6d6f661a-3efd-4ba5-af6e-0c181c7f6820,8JR1TF6HD26,0.10,USED
c8f5d68a-6c32-437d-adc6-3575d4cad2fa,7KD7XC9JP94,0.30,USED
a8308354-588c-4f16-b299-a5b5aa589095,1N20U29AA03,0.40,USED
1346bff7-5f0b-43c2-a11f-f5864d5a45e4,4TH2CX0AX35,0.50,UNUSED
d5de2dca-15dd-4397-a0a7-05874d0d8653,1GW0A73EG84,0.30,UNUSED
bc92e98f-bbfe-4cbd-af81-a176fd189242,6NU2J20CT69,0.30,UNUSED
06478f93-f6ea-44d9-8703-5704f99292dd,2EN4G06YM83,0.50,UNUSED
305f8ec3-b839-419d-b999-39f85ee75e16,9KT9C13ND76,0.40,UNUSED
cc8eb118-0de4-47be-9760-49af8de6a907,2GP2HD6MK83,0.30,UNUSED
24043a5e-40e3-46ea-bf30-9e6ac469f62b,4JJ7P23TP06,0.10,USED
17e3016c-a346-4dc5-9b12-d72fcaac623a,5R42TN7WF43,0.40,UNUSED
4fe29271-5d4a-4fef-9058-72cefd1a0244,6GA9DG8CV06,0.20,USED
984b5c34-88d0-43d6-9d55-5d80c61ae676,3NC9GH6QF65,0.50,USED
499fe4d2-1c51-4282-bc8a-7a9244f8034d,3N52NW2CK83,0.10,USED
dd216887-1e89-43df-bee3-2d7a67e84e55,4H98MR1EQ56,0.10,UNUSED
f207c139-c8ab-47d0-ac4f-ef4361d2e390,2N86C02JF57,0.40,UNUSED
06c2c7fc-4d90-427d-b29f-49124bfdb7d9,8JP0YF9NV95,0.30,UNUSED
f61f0426-63f4-4b71-87aa-ad4040f02110,3CX5CT6HR82,0.30,UNUSED
c843cb83-0916-465c-b468-7cb184c0a627,7MD6WG8MF50,0.40,USED
0b7c03fd-6a62-45ac-8fe7-3075f59e9d17,4DT9MH9EA49,0.40,UNUSED
e1d03d7b-8886-416c-be60-0f80560c84b2,9FD1P67GT34,0.20,USED
6d26efe0-d646-4aa7-8877-08f52335c8da,5PG8GG1PR08,0.50,UNUSED
8bec8e28-a304-4a8e-94a6-24e5bde43d6a,4KG1UG7UD23,0.40,UNUSED
ac18dd47-68fa-406f-936a-3288af570f0c,3G62EM6GP64,0.20,USED
8bf87f00-58f3-47b9-bcc3-5fa107483d14,3GC9XV7PJ61,0.30,UNUSED
e5c08820-4366-445e-ac2c-58bdc5f6665f,3D68A27AA43,0.30,UNUSED
fa8f2b6f-ffe4-4dbe-bd5e-1421b5ce15e4,2RT3KP4RK16,0.30,USED
741a8469-921c-4947-858c-ff000ce30269,3W07E11YQ80,0.40,UNUSED
e0946ad6-1946-4bb6-864f-df8df5915cf7,5E26F63EQ57,0.50,UNUSED
33c23ef2-ca02-4c77-ba7d-6ad49fdcceeb,9C40MP9VJ51,0.10,UNUSED
022e6ecb-7e3e-4423-9f6a-bdae192ea94b,6M88H64TP04,0.10,UNUSED
e16d2f79-fa06-47f8-a09e-2272b72bfa3c,2F61NY6QF49,0.30,UNUSED
10bd5fb4-601e-471d-b343-8f94b917b575,2MQ6GM4JA57,0.10,USED
19fff31f-57b0-4f45-a083-c311054077ce,9DD0Q70UE69,0.50,UNUSED
8c726344-6950-49b4-af91-305135acfb2d,1U48X91MF61,0.40,UNUSED
80fcdadb-9fe8-4043-8810-9a4758aa19ac,7AH8Y82XG87,0.30,UNUSED
792dfcb1-6e9d-4b5d-9d79-bb985f6e9354,8GJ0XE4FK05,0.30,USED
27886518-43a6-4dda-96b4-875d03750a17,3KJ6W24RP82,0.50,UNUSED
c0041256-128e-42bb-9290-be3dd18b4503,7AQ3G09EJ06,0.20,UNUSED
e89aed64-ceb9-404d-b8de-ba0cdf9ba7e8,9XE4PX3VF60,0.40,USED
cb6829d4-4d72-42cb-a629-8f791c1cc82d,8PA2GG4TJ79,0.20,UNUSED
3e9c5a9b-c4fe-4c39-8847-258dc4812a58,3PV0Y14TH43,0.30,USED
4335e421-596c-4ea7-8660-ba31704091c7,9KD1XC4NW00,0.40,USED
d3c1b614-8a6c-488e-b036-159989e85277,1MU0MY3JJ85,0.50,USED
87fb6116-8a8e-4a9f-b640-1de3b9c3ec4a,5EW3XE0PG77,0.50,UNUSED
cd5bf013-42e1-48f7-bcda-3986fea85af9,9KV3GR5QR58,0.30,UNUSED
d545e3ca-cbff-4a7a-ba83-26814d75ba4a,7KW7JN6JD11,0.30,UNUSED
d9b025f5-7baf-4535-885c-2bd857ced63f,4XH4JM9YP17,0.30,USED
535dc38e-512f-4024-8b59-a7e35e019ab3,7DA9VH4MD33,0.30,UNUSED
8c6c1430-4ff6-475b-86ce-c0dd13d3a086,4A14HP5PV31,0.20,USED
70cffaaf-97ad-40a1-b323-710686478268,7C23NX7DA68,0.40,UNUSED
9e52620f-ed1a-4f35-b0f1-85b40aed1e28,9JQ2JC6WN22,0.30,UNUSED
05545f17-c0f1-40d4-a9e5-1bc91f83adf7,5WH7AA5TG40,0.40,USED
b9687ecd-699f-45f9-8efe-5d1bfe865b13,1DW7HC6VR32,0.30,UNUSED
a99a01da-c4d2-4c4e-927e-1734df0bce6a,6D50K02RP48,0.30,UNUSED
5f5e7589-e52a-4126-b77f-4a945b5eefaf,4FR2UM0MG99,0.30,USED
6a7f69bc-593b-456e-a4d0-d4b550278373,1N22U84GF14,0.20,USED
203f2cbd-5ea1-496e-8659-8484eb2aef20,1UR2J04PD25,0.20,UNUSED
3104e365-454c-4cf3-825d-612913b8eed1,7M63XT4PH70,0.10,USED
ddc5df07-3167-4b8b-b8f6-3050d08174e8,4RY2P36KE20,0.10,USED
5f1b1284-5270-4e76-9303-cd0fde0f9cbd,5MY2JV9WT71,0.10,USED
2f6ac8dd-f160-4899-a540-111ec7e1f9db,4T15NN3QJ61,0.40,USED
da04b6e6-78aa-4d45-86ed-2c013b1fc1f2,1A02RN4KP63,0.20,UNUSED
98684120-6826-459f-b36a-0d42963599e4,6DK2U10YK41,0.40,USED
6bc9615d-4853-4926-9645-6fc2f0c5877b,6JG4PX8QT08,0.20,USED
b8923030-d1e4-4fd8-9756-3ba3392e1d73,9T48C92KW88,0.30,USED
e80e7ddd-699a-45a6-be44-5ec6e7ce803d,5VV3H11EW49,0.50,UNUSED
462756f5-de36-428c-b2fd-f6fff3d0d77c,6NP4P88CJ78,0.10,UNUSED
5c6f9c02-f13b-4584-870a-18dfacdc4ab1,2D75WY6WH95,0.30,UNUSED
33d0d075-73fa-4948-a52a-03276a0bc17a,3M05MY1HE76,0.20,UNUSED
9a7c74fd-f97c-44b4-8bd8-4994b8f6a3a0,8RH9TP0ED20,0.50,UNUSED
e20f692b-e40d-4c6d-ab62-075c0737dcc7,9JW0YW9RP88,0.30,USED
627d0bd9-d40d-4d73-99f7-9d54e2c049cc,9YY2XJ8EM51,0.50,UNUSED
34b13de4-f931-4121-ae42-5aaa9fe51a11,6CC4F45VA62,0.40,USED
e64ff4c3-8bd7-4bb7-a513-d6bd713ec7ef,1V65F97RP24,0.40,UNUSED
e04de845-f5bc-4286-876d-271b3cf9fac8,1M22DN2CK94,0.10,UNUSED
a7e840af-8e1b-44bd-a064-d67bec61357b,5CR1EQ1QA81,0.50,USED
7acf86fe-06f4-4ca0-962b-7ce75fc20144,7KW2P73NE21,0.50,USED
b8a8bd97-9f48-4815-aeb8-555bf71d4c51,7P54Y69DW25,0.20,UNUSED
b6496aad-5126-4203-924f-96ab4886dd54,6VT4VR3MH48,0.10,UNUSED
426d9fe8-2df1-421d-b415-4a4ecddb1895,1TT8FG4FJ04,0.50,USED
a69c05ed-0218-46fe-9928-901ac2665653,6HC3NE1EM27,0.10,USED
ef09c3e1-081d-47b7-8e9f-92716b369d38,1FF5P46GC74,0.20,UNUSED
654fdd8d-838c-4bff-a1a9-297f3027aa15,3PW3M84VA94,0.50,USED
d3336baa-cb2a-4ff4-97e5-9596573cbb0e,1G82UE8HT95,0.40,UNUSED
ef8f6e03-7fec-4bb7-bd6d-f742190ae77d,6TT2DU3AR08,0.50,USED
7d4a3c54-5c80-405e-ae37-12a776aa49ce,6XU5MY3XW41,0.50,USED
4891c363-6519-40c1-92a3-c7486d499ebe,4C81VQ0TH01,0.10,USED
1439baf8-ff8d-42e5-b011-6abf967ee7a5,8MX2U68EU80,0.50,USED
0358a616-dfd7-4389-9420-6295db008cb2,1HM5A59ET43,0.10,UNUSED
8441bf2f-934f-431d-84d5-214e4b0d4a77,9GN3AT5XK39,0.10,USED
d036df4d-73ef-4265-895f-a54cbea82d27,1JC0RR9DK77,0.30,USED
6649ca12-f1ca-4f35-a131-f3fda82569e7,6PP5QX5VF03,0.20,USED
5697c8d7-1fb0-4a32-9773-0cd0a8461d9c,6HH5XK5CN89,0.40,UNUSED
e00d2f40-0e99-4370-bd58-0f193d238ed4,1Y94UY1EK26,0.50,USED
57187dc9-4d43-4588-802c-019b0fb1b8bb,6M72ER0EK85,0.50,USED
ad0d714f-c219-47b2-94eb-e2d7506d0dd0,5D85T17KC56,0.30,USED
776f7205-b97f-4894-bdae-d2f40c42a033,3MY6M56ND94,0.20,UNUSED
0844dc72-ca3d-4dc7-8a15-037ac8e05752,3HE5Y76WM14,0.10,UNUSED
f0e5678b-9d1f-4399-9968-200a1cbd751f,6HP8RY1AA61,0.50,USED
af43872b-73c0-4917-9b9e-178177b7dbfd,8Q77RJ4TA29,0.20,USED
41e8a80f-a3c0-4518-aa5a-2ba0f672c444,1WF2GR3CM53,0.10,UNUSED
902cefd2-2570-4838-9045-be008ed8db2a,8PQ3CW5WC98,0.30,USED
ee24a94d-c73d-421d-aa2d-e383d2c8dffc,3NK6QD6TJ12,0.30,USED
e42b55a8-5569-49a2-91e1-bc5524ee3d22,7UT2GV0RT56,0.10,USED
e988fb9f-d1cf-4c35-b3e0-4309cb1842aa,3X49WN3HM57,0.30,USED
8f8df9a6-d298-49eb-b467-58ff69a7e058,2YH3DG9CP85,0.10,UNUSED
7c569e2f-82d0-4541-8ab7-c192faf1b1bf,8JH7N86FV43,0.30,UNUSED
dffb2a59-604f-4153-90c1-6f0904767cec,2HQ4UT6TJ67,0.40,UNUSED
390b171f-6212-4180-a19d-a84a9ba18bdf,9GF8CN0MU22,0.30,USED
73800ff8-3711-4729-8225-87bc162984cc,9RY5TN9TV08,0.50,USED
ed7a713d-dcf0-4cef-9ca7-8fd4248cb23d,4U74MH0NV06,0.30,USED
0c6d52e6-43d1-468a-90c1-98953543102c,9EC4YC7FG96,0.30,UNUSED
c5647eba-c8c2-440c-b70e-daf8270b0fef,2JV9GR0KE42,0.10,USED
e9a52795-e895-4124-baa9-e98fadfe253c,2C14YW6GW07,0.30,USED
da5b009d-fcc8-4c9c-815e-205812f80e80,1N00QQ3TV36,0.20,UNUSED
46301a3a-dc72-4519-b994-7cf71cbb64ae,9K50VN8QD38,0.10,UNUSED
80eb55dd-3629-4dfb-ba04-b56d510a9a04,1J56AG5DT87,0.20,USED
54ee925c-e942-479c-8306-2bdf70ad91c5,9VX1WJ0AH15,0.20,UNUSED
4d4c13a4-fa78-4eae-b9b3-887273eec424,2KT9TD8QC21,0.50,USED
684b9c49-45d0-483a-b860-6d7642036341,4FY7TE9VQ44,0.20,UNUSED
4ccb387e-86bf-4a78-830e-288782a1bfe2,2VT1TP3KC39,0.30,UNUSED
388a6ff2-0a12-48e6-ba4c-e0efe70068ed,1YJ0E03MH64,0.20,USED
69caa8e7-81f9-4583-8b69-5b33e896e17b,1K57TE4HQ90,0.10,USED
c2867400-7204-4296-b48c-50f9a9b8fc8d,4XX9RT0NJ11,0.40,USED
4fa68a47-6e1e-4361-87d0-4218de04c7e4,3E12E17MK24,0.10,UNUSED
f5443127-e523-43f3-b980-781534c4670c,3GM3AH7HJ49,0.10,USED
5b50f54f-7653-4178-9106-7a31f9118285,6P84KV9KX51,0.40,USED
1a3db20e-61a5-472d-a93e-23172d63a030,7AX6E51XA01,0.20,UNUSED
5dcba553-e92a-414d-a0ec-89ee16f0c6a8,6K94CE5AJ83,0.30,USED
260c53d2-9d18-400c-86e3-1a89d606916b,6XM0J20YN71,0.40,USED
d3038cb7-af5d-4b79-b6d0-f4f8260fa62d,3MR4NA2WM28,0.20,USED
3feca009-657b-4dc3-9c22-127df1376815,7DU9QE5GD24,0.40,USED
ea25f0b0-03ea-410a-98e8-3a8eec3b998c,1XA1VQ9EH56,0.20,UNUSED
5ef16ebd-74ff-472c-9ccb-5b07626d194d,1MP8EP6CW25,0.20,USED
59d6bf85-c506-4689-bfd8-928e75ac745a,9P51GE7DD27,0.50,USED
52ec09b2-b980-4673-8d38-bbf55443722f,3V94U15YJ86,0.40,UNUSED
71a4b50a-e7f4-4a78-8412-b24daa7aa3ff,2NF7GX5EY31,0.10,UNUSED
27dab4f7-4d01-422f-9ee4-85661a04756e,5WE5QU8XU44,0.20,USED
892bdef6-e3da-4353-b1e3-58b0a8148b65,2Y30A99VX80,0.50,USED
c66d6531-41c0-41c0-be4f-aec006e27686,5P03M55FQ63,0.20,USED
96c6a328-c30c-4718-841f-cc6bc7eb39df,2H33AM9DR94,0.50,UNUSED
34766f37-60a7-47d6-8cfe-b27d86f324b6,2YM9AG3QQ55,0.40,USED
e82933b5-a260-4732-a916-9ac41e6c412e,4GD8H85GV98,0.50,USED
14f8a8b2-7a47-403b-a4db-15b2411abca2,1MR4H31DC51,0.20,USED
9f8993ac-ecb6-4e1f-9218-d6c2b35bc020,2HE2J92GM72,0.50,USED
11668a82-a50e-4c54-92f5-f2539e092fb2,9GX6H30MX27,0.50,UNUSED
eb1dd576-1447-45ea-aaa0-dc62d987ca83,5FN8WD6DJ16,0.40,USED
4dc6edc0-dec4-4585-9f70-029214ee5878,6FM8C60GW47,0.30,UNUSED
e46ed3c6-ce8a-4715-ab5f-9d2a31ad2e17,7U80F09NF47,0.10,UNUSED
9916072f-5a63-4f6b-896a-577356ea028e,5EY7G81KX92,0.10,USED
aedf47c2-cbcb-4433-8f6e-d3734151e7d8,5HY0QM3TT12,0.10,UNUSED
ed32fcbf-effe-413e-b8dd-746ef8df4c87,2MN3W63XP95,0.30,USED
c27ed6b7-c7c8-4061-a031-16cdb4e63077,1TC1F71QQ72,0.10,UNUSED
26b4c868-9454-4348-814b-1f2e935a2af3,7DC3HT7GX29,0.10,USED
ceafeb7b-6929-4ccd-9bbb-e713453d99df,3EX5YN1YT10,0.30,UNUSED
772d962f-de0a-42cd-ac77-f2eb2322bd12,9RT5GR6KD01,0.20,UNUSED
3014edd1-7db0-4e6e-b19d-5bc9ff355b9c,3U75P66FR41,0.20,UNUSED
dfac0602-9fa3-47bb-9b08-90b9f7b38e44,8NP4NF7YP43,0.30,UNUSED
2cb9cfb3-e7ec-4e2e-9556-1d13a2e03af9,2R98NU7VX43,0.10,UNUSED
e5b123ab-bdd8-439e-8601-a4bb2503f8d5,1JQ2F03XQ33,0.50,USED
4c2b2d33-4687-46ea-a490-ad21ba324fe8,5J43J83HQ01,0.10,USED
e9fd7175-4c63-49a9-94d6-79482f21ec68,5EW6NA8WJ33,0.10,USED
112e9cd4-1bc3-4a96-afec-f3e794d6ccd0,5RD1J45DH44,0.40,UNUSED
8c7fcfb7-49a6-4e02-bead-1e13b0b2dd2e,3JW4HF1DH80,0.40,USED
c69ee090-871e-4d92-ae9d-e124d5007007,6QR2RQ9GC38,0.40,UNUSED
e04a4960-e966-4fe6-8ccf-b562b08f999c,6XD1HH8VE57,0.40,USED
e558ce0a-3858-4de1-bdcd-e44f204c90e1,5EP4P16FX18,0.20,USED
830c6649-4e27-4617-8e4b-4a9c4f123e1d,7MK5D02UM19,0.20,USED
171f66fb-00a9-42d3-8b2f-a7fdef811c74,2F51QV9JE17,0.30,UNUSED
51f7d264-c4c3-4d1c-966d-011d20ef0b72,3R68XY1VA15,0.40,UNUSED
e6940482-ce67-4558-b807-abcd736db07e,9YJ8JY2KD17,0.40,USED
9d6e26ef-a79f-4332-bd2b-1c48d5abd0d0,7M38YU5PV88,0.30,USED
38c19ba5-68a8-47ac-9f59-e2da5ca6d5e4,5JU4NX0CC21,0.30,UNUSED
469c1eb6-1b8b-419a-a5bb-a99066c84a1a,2M28KV0AV80,0.50,USED
66e05281-9811-4b81-947f-84ac08bd9ca8,5M68D19WF10,0.30,USED
3f1bb13f-0d3a-42d8-bfb9-5c164c6db580,4E59Q29HD52,0.10,UNUSED
383d52e9-5132-484d-8d65-208ede806533,2Y25KG0VW28,0.40,UNUSED
b0eae8dc-ff4f-44a5-afd8-61016bc20be7,8CQ5AF4MM64,0.30,UNUSED
3e01eba0-0426-43f7-94f3-28023688b4bc,2RQ9EV4FJ83,0.10,UNUSED
b88dca4e-f01b-4920-b00e-347e985a0355,3DA6X95FE12,0.20,USED
d12d7a6e-c3b9-4f90-9b0b-0e4cd2bc1220,8YE7NP1WA46,0.40,UNUSED
1ea2ba93-cc18-4dc2-9607-08638795dc79,4R55H09PJ49,0.50,USED
06f5e705-bf31-4ade-b94d-0c93746913a9,6CE4TD9UN33,0.40,USED
13fcff85-2ff0-431e-a745-e525fe467025,6R62QF0PY48,0.20,USED
ea316fd2-7a4b-4b0a-ad93-821cad8ee579,6U09R60ER06,0.30,USED
c8ea0121-0f42-40aa-8b20-b0139d44ab98,4MM6AV5MR89,0.30,UNUSED
166140be-d289-4339-8d9e-6d0d39d4a518,4VP0Q66EJ43,0.30,USED
6dba2a02-2f3f-4171-acf0-8aaa91b3b97e,1RU5TY4YK09,0.10,USED
cd37ecc3-cea2-4682-86a0-baa2cb621a25,8CE6RQ4DW36,0.40,UNUSED
62f947f1-6105-41b9-a959-950f0116b8c7,8CM7K70WE31,0.40,USED
436a7d69-90ce-4889-8b62-ec6e9d59e5e0,7JJ0P94RU04,0.10,USED
be004631-79d3-4836-b695-8e341ee28204,9YX5Q05AC50,0.30,UNUSED
1995df32-907b-48b7-b79e-10f3cb369fb1,8GC8WU8TV49,0.10,USED
1aa2425e-6c4c-41e4-8ffc-61a80689e5c5,9X38R75HR37,0.50,USED
af441454-36ae-4c27-bb2b-f2763cfe9627,6H99U42UK98,0.30,USED
4af10e54-607a-4c51-ab6b-7be968e95b14,2X97A62AV10,0.50,UNUSED
3e925b59-95a4-4032-b237-d2e276a1bb67,9M78TG1FY04,0.30,UNUSED
cf0ffa1b-8c4f-4d50-af0f-aed1aceda60d,2ED2Y23UQ20,0.30,UNUSED
2c2dc2b2-19f8-46d9-b202-0acbf79712e2,9D06VQ1TP38,0.50,UNUSED
0bb80fe4-70e9-438a-8564-747de87fe499,2GP0T00XJ35,0.50,UNUSED
264b1b1d-d2a4-4cff-b09d-70379e4bf8fe,2T28GJ2FJ36,0.40,USED
ebf40e74-3233-4488-8359-b44facb6814c,6NX0QQ4FJ67,0.30,UNUSED
b3bacae5-5ad2-4f8c-965a-c386bfd58eb4,3XY3NF0QP45,0.50,UNUSED
8a1459b0-9349-41de-b0fe-3a79ac0ce7fa,6F04ND5NA64,0.20,USED
b4e2d540-ce09-428f-8959-b17b6307a83f,7E51TJ1EM83,0.30,USED
f78bb257-8eb2-4bd7-9d8f-ec30baeb9822,1N72MY9YG43,0.30,USED
ab7c3630-6548-4d54-b5b7-f4dc59d5cb99,6H32P28DG99,0.30,USED
9fbf2977-a2f8-44a0-98a4-86dc3678446c,2TM9WU7AY68,0.40,USED
fe15d141-58d9-4165-84ff-f5b9fbff4038,1WN4YH1VJ07,0.40,UNUSED
5faa9610-1195-4551-879c-b051e3d6efa6,7MC0TD4XC39,0.40,USED
301a4035-fa36-4638-b050-3f84fd0f23da,6AR7AP7PM34,0.10,USED
d21dd356-d877-41bf-94f0-dbbba641f0e6,4YC6NA6NR20,0.40,USED
f97804a8-8ec7-465c-913f-4f511aa8d9a1,2E16JU2KN44,0.20,UNUSED
c8e05e70-c07e-4822-8177-b94f5c3b5340,9J48PK4FQ57,0.50,UNUSED
0e8cf3ee-6176-4d70-8eb4-dc246699375d,2PH7YN1KG54,0.20,USED
47d1c4df-9878-4168-aed5-671aee359473,7PM8X95TR00,0.40,UNUSED
3143af83-35a5-4381-b845-a216c653aefc,2GV9EP4NQ09,0.40,USED
404694a7-1390-4a54-a55f-74c457a9e6ea,3YV4DU9WD70,0.30,UNUSED
b5a15046-ed70-4ccd-a20e-f44fbe3ecda2,7UW5P33PV04,0.40,USED
d074f534-2beb-4136-aa6e-049b74746c57,3FY9DV1CM42,0.50,USED
a27a11b2-f2dd-4125-82e5-afb622130df2,4PY1DK1GH17,0.40,UNUSED
abecfd1e-3e8a-42c8-9f9f-e155b0088093,1YW2FQ9FC73,0.20,USED
c07d3962-8f40-4dfb-ba94-46c86a08e648,4J26XY7UV84,0.50,UNUSED
c06b46a8-d735-4ee7-a139-00c01ec4e278,9X69RA4GY14,0.10,USED
995b49b1-250d-4383-a0b4-2fcd29e01609,8TA9E74GM51,0.40,UNUSED
c57de6ea-3f83-450e-a7fb-32ea4e40f974,4HG6CF5UY57,0.30,UNUSED
cad26f6e-bcfd-4542-b5b9-1d5d527f0bbd,2EQ3XY5JJ51,0.50,USED
741180f9-0d38-4b42-98af-276c5ec8b917,6J52DD3VA54,0.30,UNUSED
5fd0c349-8e9f-4448-bacc-511834c8d642,8DC0KN2YT99,0.20,UNUSED
4d108db7-3760-48a1-a3d8-be6d8a794361,2NG7X44GH06,0.40,UNUSED
6df76c62-d0be-495e-a1f0-e3f9b4931038,4HN1H57KP33,0.10,USED
fc4e6035-5a3b-41bb-a196-d2b2cd6361bb,5GQ9RG0XQ99,0.50,UNUSED
a7cd9aec-0321-46d4-b76e-6717200c6198,3HA8VM4UJ04,0.20,UNUSED
154663be-0d08-4d0c-ac93-acbe4efda213,4GP3J28WH41,0.50,USED
c1860b53-367c-4e65-837b-2051cb659bdf,9NU1VX2TD53,0.50,USED
be61c5b4-0828-4333-935b-317420f5a290,8C75AM6CH05,0.50,USED
ce882aa4-d345-4eb3-8008-1d0740a95590,3GF1TT0ER86,0.30,UNUSED
fd4080b2-d327-47a4-b14a-40261fbd26d9,6K33UH3VG29,0.10,UNUSED
631bd9ba-d847-445d-870b-c7f6bb9fa7d2,8CY6R56DA60,0.10,USED
8be0b303-ecc0-4d18-a454-09e44fdee962,2FF1EP2RT96,0.30,UNUSED
e5b18a7c-5428-4b57-8aad-d023b1c7bdf7,8UR2FW0AD95,0.40,UNUSED
121325d8-e955-4380-818b-24051fecf57b,2VV9MW2MA82,0.40,UNUSED
1b7f6c06-71c4-4a6a-a305-ae97961c9b52,8MJ2PX4TQ65,0.30,USED
1f4b125e-da07-41ba-ac1f-38c737c0c072,8YT5V62VG86,0.50,USED
5203bb26-4bba-4048-9813-2d5a8de974a8,8Y21VR1TX15,0.50,USED
f552a104-7065-44bb-9769-5e7afba8abb9,9XK3DD4EH42,0.10,USED
940ed794-0094-4c72-b476-f4b47fef88f7,1WX8FG1GH11,0.40,USED
35084f37-109f-475f-aeda-28aed6a9be56,9AA0X77QM64,0.50,UNUSED
e32e66e5-2c74-4f72-9405-04d9d5131975,1D37QR0HG30,0.40,UNUSED
cb88deba-ae1a-44c4-8d20-d1e43ced47ce,9D76CN8HF62,0.20,USED
b9b821ad-27f0-436c-925c-0a9156494a18,5UX8AJ1RA96,0.50,USED
8e09dc84-1d88-4208-8f5d-4b754ac800d3,6UM9TY8DH51,0.50,UNUSED
edd4e159-5229-4990-bc7d-38040223186b,7P46F50DH21,0.40,USED
8e948866-cd16-436c-871b-d05df76f9ca1,4ED0XT6VP59,0.50,USED
897c240b-5a2c-43d6-95f0-03c4632e0db9,1VY0VX4XY61,0.50,UNUSED
d1483674-4563-4c6d-93ac-faba2c38ce83,3PF2MF9HE15,0.50,UNUSED
faa9fd35-0505-47f5-b1ce-67abd74a9b5c,4QA2XC0XT09,0.10,UNUSED
136b7116-b471-44e2-a13b-80c34d10f9af,3QM9R18GH36,0.20,UNUSED
e2ef5037-8326-4e43-986a-efed1e9d3334,3GR0YA8EJ82,0.40,UNUSED
64cd33cd-044d-45e0-8479-a20ad478268a,7MY1U64UE00,0.10,USED
b1f4bdbb-c448-47e2-af2c-e6f450304054,2CV6TR3QU94,0.30,UNUSED
0fcd78f4-8c0e-44bc-89ac-51f588c4aa76,5J88JF9TF80,0.20,UNUSED
b9b4d4c8-0b3f-4bb9-8e56-5800e9609f93,9ME5K66TQ94,0.50,UNUSED
bf837c61-077e-4cb4-b549-64f06dbeaa66,7EU9NQ2QW67,0.30,USED
b9bcb51a-8c47-4dbc-b55b-9ea81d8d1e30,3E97P48RR76,0.20,USED
1457ed04-4afd-4d96-9e39-296cb968832e,7N10WD6QT89,0.30,UNUSED
fddf5414-f42c-463e-b894-857d52e8d808,7QM1JA6WC05,0.20,USED
b08d4362-5e1b-4a5d-b5da-4d7f79db6f42,1WM1JW8YA38,0.10,UNUSED
b11792a1-c14f-4a9a-8ada-4e20c61ba7a9,3PE5PM7WE01,0.20,UNUSED
b1d33f28-b05b-4721-a77f-1893f723c8e5,1G32GT7VT08,0.30,USED
85baca6c-69d2-4a1e-b9af-f82fb37759cd,1YR3R03WF36,0.20,UNUSED
5b32d466-93d4-4f6d-8adb-79faedb53610,6G26HF6PN28,0.30,UNUSED
a2f309ab-2ac7-4fb5-9130-c32fe121361e,6VN3VM4JD53,0.30,UNUSED
2a8a6bff-7059-44a4-a947-246c657a903e,3UE1AN0CW41,0.50,UNUSED
01d9e612-f729-43ac-916a-3cb15ed37000,7P43JA5KV69,0.40,USED
c7d72886-4631-44c5-bce9-f312d7240d76,2MX0VP3VH81,0.20,UNUSED
b7886e2d-d30d-4921-bc65-0883f0cbc96d,4X38M36GP22,0.40,UNUSED
adf63376-d8eb-413c-a210-d8add8f508fb,2NT9JU0GA86,0.50,USED
1e97a20e-36ca-4a3c-b87e-7ba7ee412e12,1GM6WW8TX18,0.40,USED
52f4dd32-f38d-44c3-8a07-2e908b0c35d1,4JY4YT2MD34,0.30,UNUSED
01622a8e-7d27-4931-afd3-e2b2d75228e6,1PN4VY6MK07,0.40,UNUSED
549fe87e-6629-4025-b78a-ffd5e51726b9,3D13UW4GR24,0.10,USED
2ad68a8d-2629-4a1c-af7a-c6bc1fd6b443,4CJ2C53FF04,0.20,USED
0664a428-ef92-4c28-9fc1-f24a7e813f38,7VC8YU2MQ90,0.50,UNUSED
4ab73fbb-90be-4c3e-9fc0-3ed30525f554,2TK9V97QV57,0.40,UNUSED
5077e487-5442-4155-aa77-3c5d6c44e96d,7J13QU2EF49,0.10,UNUSED
6ce3f099-c1b3-4edc-af71-6ff2cfd91b70,7G69QC6HW62,0.10,UNUSED
1053fd59-a6d2-40ab-a75d-cd2e6d730688,9JU5A53HP43,0.30,USED
b70c1a13-7fa3-4d6b-a9eb-e68372e862f8,8GM8YN7GA06,0.40,USED
3c12cda8-d371-416a-8b6d-3df0c331169f,4NF5X53GJ56,0.40,USED
e2645552-3409-4cdb-9645-f2a759d64752,3QK3UJ8JU88,0.30,USED
81018038-b8e5-4f9c-97f0-d7825782d7bd,7VX7H91QY12,0.10,UNUSED
e5e824f2-c33b-41d8-a223-32cb6938a6ab,6V67D87VH95,0.40,UNUSED
43b953f2-7dd7-4227-8045-10f8b0974020,5G05WW4JW45,0.10,USED
4c7aa769-bf81-431e-84ee-ed73acd43883,4VV3FW3FV02,0.30,UNUSED
f8c5a75c-1cf7-410d-bdd4-875448ceb0fd,3FF0TF9MU45,0.10,USED
b2d64fca-7eab-4669-9dd4-9691e75a1d4e,8RC5NA1KR89,0.30,UNUSED
3570090b-ebf5-49f1-82a4-028d9d04ad7d,9J03XJ2VR31,0.10,UNUSED
a75c162d-bf92-49cc-a2a3-312a19f4f7b5,7CM3UG1KC10,0.10,UNUSED
ef5b3ea7-30ac-4dde-97e3-3cf9c985e6c0,7K78EQ9XU89,0.40,UNUSED
d686c9b5-2b7b-4474-b9a4-859ffc5343cd,1KN7NG8TY20,0.10,USED
eee37dc8-6fd5-49c4-9fd8-febc911fe660,7YD2Q68CU44,0.50,UNUSED
c9d9eb1e-a1f9-498d-a1c5-7de758ca6d65,5WP9TW3AU69,0.50,UNUSED
dd1ba3af-becc-47ac-bfc1-e2da9e4bb911,7JH4XG5TJ67,0.40,UNUSED
e8718fca-df78-47ab-be54-a75b683df75d,1F17QM4CU61,0.40,USED
639faa0e-d786-4cac-9882-6334409f760b,8AH7HP5WK24,0.40,UNUSED
2bfafd8f-2bc3-49d8-9374-53b843e6022e,7KK8VR3YK99,0.40,UNUSED
e3e8ec5a-28d7-4809-ad1b-90f44a1ee46b,9VV2NV2PA93,0.40,UNUSED
e44bc0dc-eabf-48af-a715-2e4267bb7ebd,6EW0H15VF88,0.40,USED
e38b1aec-2c8c-4548-a789-e6be53ecc130,4N92D38FM66,0.30,UNUSED
0712d697-afd3-490b-b2c7-7e1d1f77ab44,8CH7UV7JH67,0.10,USED
9f884148-8e7f-494b-a9e9-51db06970b91,9TF3EA2XH35,0.20,USED
47ae5716-1f41-475a-acb7-00037f2a7bab,2M30KH2WJ81,0.50,USED
e054ec1f-e38c-43c9-99e3-ed7f15113cce,8T25JU7NN09,0.50,USED
bd905e06-9494-40e5-9431-befe97d33997,9W22PR4CQ24,0.10,USED
d7396f6a-31a3-47fd-b522-97f96d54dfd5,5MT5D32AA01,0.10,USED
0adad742-60bd-4371-8520-06d286307cc7,6PN3YM0VA80,0.30,UNUSED
769498f7-ef6e-4cfd-b412-4dc0a6da3916,9AK2FX6MU71,0.20,USED
711d77b3-6c3e-405a-996d-43faec4adea9,1KE2XK3JK60,0.10,USED
da1f9830-7029-4417-a317-464db0e42c88,9F04WG0XC01,0.10,UNUSED
528ea420-3c83-41f4-a39a-2317d192ad92,4RA8AT1AN18,0.30,UNUSED
a6e7f558-f57b-477d-8de5-a53c0cbaadac,1V38J03GE91,0.30,UNUSED
affb848c-943d-4cfa-be4d-7889bfa5fb84,4K77XP6HP04,0.20,UNUSED
de86af99-d41c-4cfc-9a75-50523d6e7350,1MV3JU6KX69,0.10,UNUSED
68f94c00-08a4-4096-932b-d3717f93f988,4M68CC8EH85,0.50,USED
1d5e6255-e6e7-454f-8049-2dccca9e3f04,4X72AU3DT90,0.30,USED
5afd4c7f-3211-4221-91b6-1d7f0446df87,1ER6YC9MX10,0.50,USED
31f49c64-f08f-479e-805a-9f0faa8590eb,2PP6XE4JU32,0.40,UNUSED
af7f4a7d-0753-4433-b571-0b6a5cd48bd3,7T59XM1TF14,0.40,UNUSED
892963dd-890f-446d-b8aa-0af53492d556,8QX4VG6VE40,0.50,USED
ddfe4de4-dc6a-459d-8d41-3fa04ccdd877,1E10GW2TV85,0.40,UNUSED
49785256-b9f3-4a5d-a581-784f61258df6,2V29GH1HX42,0.40,UNUSED
550e3caa-e3a8-4051-8f6a-308cbfde948b,9K43XM8WN15,0.50,USED
8e93ae48-3207-4073-b73f-4deb0b46e98b,3A79JH1RF58,0.50,USED
5933d04c-941c-45bc-aa68-0a4f408ca0de,2AG3T90QU94,0.30,USED
5115413d-b995-4acf-8176-914ccdbcc83f,9D78J24KU55,0.20,USED
e7b2c155-93db-4adc-814c-1b24719ad38c,8RH9W86UE23,0.10,UNUSED
78b912c1-f720-4752-8e87-67c0a6bc4176,5AY8CH5FG29,0.50,UNUSED
13bb419f-56f8-4c58-a762-83e99712bd64,6T53V91UW30,0.10,UNUSED
daf16cd0-0e38-4771-af72-78dfea129788,6FD6VW2KK10,0.10,UNUSED
3f81f69b-c221-48f5-9d90-8a3c562630a6,7C07RF3HT58,0.20,UNUSED
2c4403f0-3d3d-4dee-b668-dcfb5b991a29,9YT2U48AT26,0.10,USED
b7a30389-36c4-42e2-8b58-7a6718d6adf5,3YX3M17KA50,0.20,USED
88989a1e-b187-4667-b297-27c073ea6987,8Y13TQ4TD10,0.30,USED
e50e25c7-8247-46e6-8fe1-fdb3a554982e,5YF9MX0WA61,0.30,UNUSED
1fb5c689-2e78-4854-a011-c6624780afac,2WF3ME4RJ79,0.20,UNUSED
2c046d7d-55a4-42df-af7b-fa8338500b0a,5AC9J76XE40,0.20,UNUSED
e67e9026-33e8-429d-8d51-50ad8dbc39bb,8V56CV3MX53,0.50,UNUSED
aaefa773-b83a-47a0-9f5a-58288fb0e1a5,4TR7V74WP14,0.40,UNUSED
b93a7c6a-ea1a-49d0-9559-0f366d46376e,3P97TQ8XT87,0.20,USED
b083e2dc-f94b-4d71-930c-27f865293e79,4XD9WF0HE95,0.40,UNUSED
b92f7b22-0196-495c-81eb-7239965d2c80,9GA7HT7DT17,0.10,UNUSED
9c667f23-215c-49e5-9af2-75327599a0f7,7Y89MC2UR92,0.50,USED
602b0d10-2623-40c6-8976-ce37e3792798,9PQ1EY6DJ96,0.40,USED
b0ef6a43-7007-437b-be5b-a6d64f29febd,5H05TD5UW58,0.40,USED
58791419-a994-4021-b6c9-5c73fbfba883,8GY5KH6YF01,0.10,USED
78166389-e0e6-442e-98db-f19d67d9c21f,6D06CJ3HT29,0.50,USED
be8bf109-52d9-46bb-9447-3020d368502e,5PT1TU1GJ15,0.30,UNUSED
c1ee4982-1a55-48f7-bde3-604cbb6eda32,1WT0WH0CV81,0.10,USED